CREATE DATABASE  IF NOT EXISTS `rustam_zhumagambetov` /*!40100 DEFAULT CHARACTER SET latin1 */;
USE `rustam_zhumagambetov`;
-- MySQL dump 10.13  Distrib 5.7.12, for Win64 (x86_64)
--
-- Host: 46.101.171.158    Database: rustam_zhumagambetov
-- ------------------------------------------------------
-- Server version	5.6.34

/*!40101 SET @OLD_CHARACTER_SET_CLIENT=@@CHARACTER_SET_CLIENT */;
/*!40101 SET @OLD_CHARACTER_SET_RESULTS=@@CHARACTER_SET_RESULTS */;
/*!40101 SET @OLD_COLLATION_CONNECTION=@@COLLATION_CONNECTION */;
/*!40101 SET NAMES utf8 */;
/*!40103 SET @OLD_TIME_ZONE=@@TIME_ZONE */;
/*!40103 SET TIME_ZONE='+00:00' */;
/*!40014 SET @OLD_UNIQUE_CHECKS=@@UNIQUE_CHECKS, UNIQUE_CHECKS=0 */;
/*!40014 SET @OLD_FOREIGN_KEY_CHECKS=@@FOREIGN_KEY_CHECKS, FOREIGN_KEY_CHECKS=0 */;
/*!40101 SET @OLD_SQL_MODE=@@SQL_MODE, SQL_MODE='NO_AUTO_VALUE_ON_ZERO' */;
/*!40111 SET @OLD_SQL_NOTES=@@SQL_NOTES, SQL_NOTES=0 */;

--
-- Table structure for table `approval`
--

DROP TABLE IF EXISTS `approval`;
/*!40101 SET @saved_cs_client     = @@character_set_client */;
/*!40101 SET character_set_client = utf8 */;
CREATE TABLE `approval` (
  `approvalId` int(10) unsigned NOT NULL AUTO_INCREMENT,
  `commentId` int(10) unsigned NOT NULL,
  PRIMARY KEY (`approvalId`,`commentId`),
  UNIQUE KEY `ApprovalId_UNIQUE` (`approvalId`),
  KEY `CommentId_idx` (`commentId`),
  CONSTRAINT `CommentId` FOREIGN KEY (`commentId`) REFERENCES `comment` (`commentId`) ON DELETE CASCADE
) ENGINE=InnoDB AUTO_INCREMENT=143 DEFAULT CHARSET=utf8 COLLATE=utf8_unicode_ci;
/*!40101 SET character_set_client = @saved_cs_client */;

--
-- Dumping data for table `approval`
--

LOCK TABLES `approval` WRITE;
/*!40000 ALTER TABLE `approval` DISABLE KEYS */;
INSERT INTO `approval` VALUES (1,1),(4,4),(5,5),(6,6),(8,8),(9,9),(10,10),(11,11),(13,13),(14,14),(15,15),(20,20),(21,21),(22,22),(24,24),(25,25),(26,26),(30,30),(33,33),(35,35),(36,36),(38,38),(39,39),(40,40),(41,41),(42,42),(43,43),(44,44),(46,46),(47,47),(48,48),(50,50),(52,52),(53,53),(54,54),(55,55),(57,57),(58,58),(61,61),(62,62),(63,63),(64,64),(66,66),(67,67),(70,70),(75,75),(78,78),(80,80),(82,82),(83,83),(87,87),(90,90),(91,91),(93,93),(94,94),(96,96),(97,97),(105,105),(107,107),(109,109),(112,112),(113,113),(114,114),(118,118),(119,119),(120,120),(122,122),(123,123),(124,124),(125,125),(129,129),(131,131),(133,133),(134,134),(136,136),(137,137),(138,138),(139,139),(140,144),(141,145);
/*!40000 ALTER TABLE `approval` ENABLE KEYS */;
UNLOCK TABLES;

--
-- Table structure for table `comment`
--

DROP TABLE IF EXISTS `comment`;
/*!40101 SET @saved_cs_client     = @@character_set_client */;
/*!40101 SET character_set_client = utf8 */;
CREATE TABLE `comment` (
  `commentId` int(10) unsigned NOT NULL AUTO_INCREMENT,
  `date` datetime NOT NULL,
  `body` mediumtext CHARACTER SET utf8 NOT NULL,
  `post_postId` int(10) unsigned NOT NULL,
  `user_nickname` varchar(15) CHARACTER SET utf8 NOT NULL,
  PRIMARY KEY (`commentId`,`post_postId`,`user_nickname`),
  UNIQUE KEY `CommentId_UNIQUE` (`commentId`),
  KEY `fk_Comment_Post1_idx` (`post_postId`),
  KEY `fk_Comment_User1_idx` (`user_nickname`),
  CONSTRAINT `fk_Comment_Post1` FOREIGN KEY (`post_postId`) REFERENCES `post` (`postId`) ON DELETE CASCADE,
  CONSTRAINT `fk_Comment_User1` FOREIGN KEY (`user_nickname`) REFERENCES `user` (`nickname`) ON DELETE CASCADE ON UPDATE NO ACTION
) ENGINE=InnoDB AUTO_INCREMENT=147 DEFAULT CHARSET=utf8 COLLATE=utf8_unicode_ci;
/*!40101 SET character_set_client = @saved_cs_client */;

--
-- Dumping data for table `comment`
--

LOCK TABLES `comment` WRITE;
/*!40000 ALTER TABLE `comment` DISABLE KEYS */;
INSERT INTO `comment` VALUES (1,'2016-11-09 00:00:00','Lorem ipsum lorem pellentesque parturient himenaeos adipiscing sed duis feugiat malesuada nisi?Malesuada lacinia tempor suspendisse magnis et est vestibulum cras.Pharetra blandit sagittis accumsan fames vestibulum auctor integer phasellus.',21,'ellba7994'),(2,'2016-11-18 00:00:00','Lorem ipsum curae; platea imperdiet conubia gravida etiam congue augue cum ipsum et lorem.Lectus nisi facilisis litora tortor eget vivamus dictumst curabitur magna sit interdum.Iaculis mauris tristique libero quis per maecenas tellus semper semper.',13,'ellba7994'),(3,'2016-11-06 00:00:00','Lorem ipsum nam maecenas tincidunt cras hac ad, maecenas dolor nisi.Nullam eget magnis ut maecenas quam commodo, dui risus senectus vel nostra!Auctor aenean maecenas litora maecenas at convallis ac commodo ornare parturient malesuada.',3,'ellba7994'),(4,'2016-11-17 00:00:00','Lorem ipsum nec primis morbi, litora ultrices amet scelerisque nibh aliquam ac fringilla.Egestas nibh, vivamus fringilla mi augue platea velit in vehicula curae;.Curabitur mauris accumsan inceptos tellus turpis ac lectus senectus morbi elementum.',35,'ellba7994'),(5,'2016-11-06 00:00:00','Lorem ipsum a egestas sodales dictumst mus adipiscing sagittis placerat porta phasellus dictumst quis.Enim luctus eros nascetur nostra platea auctor mattis, urna faucibus quis.Libero lectus egestas sodales augue netus parturient velit, dis urna posuere nunc.',21,'ellba7994'),(6,'2016-11-26 00:00:00','Lorem ipsum a sagittis, commodo ac porta eros vehicula odio.Quisque ultricies viverra quis aliquet platea purus consequat nisl odio dui molestie.Gravida enim posuere odio dictumst ad viverra aliquet.',23,'ellba7994'),(7,'2016-11-07 00:00:00','Lorem ipsum justo, fames magna vehicula nisi platea dapibus faucibus morbi mus sed duis?Praesent mi vulputate ridiculus suspendisse bibendum torquent potenti tellus non ridiculus.Velit nam quam pellentesque feugiat duis massa vulputate ante metus!',3,'ellba7994'),(8,'2016-11-09 00:00:00','Lorem ipsum dis nec taciti lacinia sodales facilisi fusce volutpat.Sollicitudin amet duis magnis phasellus himenaeos potenti sem consectetur tristique.Mus sed habitant risus consequat ornare vestibulum nam ante fusce.',34,'ellba7994'),(9,'2016-11-02 00:00:00','Lorem ipsum ligula neque in consequat, montes porttitor ad nec.Ligula augue curae; dui sociosqu litora primis volutpat per varius vitae.Rutrum vitae neque cras natoque cras vehicula semper fusce arcu urna.',27,'ellba7994'),(10,'2016-11-29 00:00:00','Lorem ipsum in vulputate quisque pharetra imperdiet varius et malesuada congue pellentesque!Diam montes netus class sit parturient malesuada adipiscing.Fusce nec ad aliquet ullamcorper mollis sapien eget metus morbi at hac.',38,'ellba7994'),(11,'2016-11-13 00:00:00','Lorem ipsum tellus cras dolor arcu vel, eleifend sed ipsum vivamus aptent etiam?Dolor facilisis mollis eros nunc, ridiculus fermentum mi quam montes consectetur!Aptent quisque arcu vel nec lobortis ut tempor scelerisque mattis sociis.',35,'ellba7994'),(12,'2016-11-07 00:00:00','Lorem ipsum suscipit sagittis libero adipiscing nec nisi etiam potenti neque sagittis sapien.Id parturient nulla praesent mollis torquent porttitor lobortis.Consectetur montes magna, ad pellentesque dolor rutrum inceptos metus?',16,'ellba7994'),(13,'2016-11-13 00:00:00','Lorem ipsum laoreet lobortis risus massa porta est commodo ultrices vivamus velit iaculis phasellus.Risus dapibus dis elementum montes magnis habitasse velit maecenas lobortis?Dapibus orci ut eu praesent penatibus praesent scelerisque condimentum dolor congue diam.',29,'ellba7994'),(14,'2016-11-01 00:00:00','Lorem ipsum ac, nam turpis interdum lectus amet diam proin pellentesque!Turpis class sociis netus per odio imperdiet mattis aliquet nisl libero.Etiam magnis commodo enim elementum potenti tortor placerat netus lacus euismod vivamus.',35,'ellba7994'),(15,'2016-11-01 00:00:00','Lorem ipsum mus est fusce maecenas scelerisque fames nisi, condimentum ornare tempor adipiscing.Enim luctus blandit lacinia dapibus mollis, est ridiculus congue aptent ipsum dui.Nec penatibus, commodo enim nibh convallis duis quis quisque.',28,'ellba7994'),(16,'2016-11-12 00:00:00','Lorem ipsum ridiculus justo dolor malesuada lobortis facilisis rhoncus erat eleifend pretium.Quam nulla consectetur nam taciti sit eros taciti vestibulum et mattis.Laoreet id malesuada molestie dis fermentum dis vestibulum quis feugiat nostra.',7,'ellba7994'),(17,'2016-11-16 00:00:00','Lorem ipsum netus ac venenatis sem convallis dis aliquet ad dui mollis mi.Enim porta vel per tempus venenatis dui natoque nulla.Ante mus elementum purus inceptos tempor, egestas proin.',10,'ellba7994'),(19,'2016-11-15 00:00:00','Lorem ipsum turpis vehicula ornare mattis felis laoreet leo molestie ornare nostra venenatis a.Condimentum est dapibus massa tempus nulla eleifend rutrum.Dictum nullam netus interdum risus viverra scelerisque ligula augue.',15,'brispere5876'),(20,'2016-11-29 00:00:00','Lorem ipsum eget aenean ornare facilisi penatibus arcu orci donec vivamus molestie aptent integer.Felis lobortis ac quam non facilisis elit id porttitor justo euismod accumsan!Suscipit habitant mauris velit nisi venenatis facilisis nullam senectus mus torquent condimentum.',32,'brispere5876'),(21,'2016-11-28 00:00:00','Lorem ipsum phasellus commodo fames curae; in metus netus ac conubia eleifend nibh magna.Tortor senectus mollis orci lacinia erat habitant varius ipsum.Duis hendrerit nullam a sem vehicula diam dolor himenaeos tincidunt curabitur.',29,'brispere5876'),(22,'2016-11-07 00:00:00','Lorem ipsum ridiculus felis lobortis ipsum a fringilla proin lobortis dui.Imperdiet erat at ultrices eu fermentum euismod turpis est?Gravida, sapien curabitur augue et mus penatibus id!',39,'brispere5876'),(23,'2016-11-06 00:00:00','Lorem ipsum risus felis netus vivamus varius nec taciti suscipit porta.Morbi augue, hendrerit eleifend hac feugiat dignissim feugiat.Vestibulum nulla consequat fermentum elit commodo hac rutrum pulvinar aptent nullam commodo!',19,'brispere5876'),(24,'2016-11-12 00:00:00','Lorem ipsum suscipit curae; dis penatibus laoreet habitant placerat vitae posuere facilisi.Odio praesent posuere ullamcorper iaculis mi ad nec parturient quisque.Aliquam phasellus non mauris euismod, nam in cras leo?',24,'brispere5876'),(25,'2016-11-23 00:00:00','Lorem ipsum iaculis integer lorem nostra leo rhoncus quisque accumsan potenti!Tristique cras lacus consequat mus vitae dui euismod ut?Risus auctor penatibus condimentum accumsan molestie nam dolor donec dolor natoque.',35,'brispere5876'),(26,'2016-11-28 00:00:00','Lorem ipsum luctus elementum ipsum aenean imperdiet molestie facilisis elementum hac risus.Consequat turpis elementum sapien fames in feugiat convallis sodales ornare arcu pretium!Penatibus ante euismod imperdiet erat mattis tempor quis habitasse potenti.',31,'brispere5876'),(27,'2016-11-26 00:00:00','Lorem ipsum proin iaculis nam curae; ligula nunc suscipit accumsan.Aliquet class a est dis semper magna nisi class consectetur.Luctus senectus dictumst adipiscing, primis placerat id habitasse mauris?',11,'brispere5876'),(28,'2016-11-24 00:00:00','Lorem ipsum consectetur facilisis senectus magna etiam, euismod primis imperdiet.Semper convallis eros conubia in neque aenean habitant arcu proin nibh.Porttitor integer nullam vehicula id cum sagittis parturient.',5,'brispere5876'),(29,'2016-11-22 00:00:00','Lorem ipsum ultrices sem quisque aliquam bibendum varius placerat ligula ligula nascetur.Elementum nunc curabitur erat, integer morbi cras ante neque.Conubia sed tempor pulvinar est urna malesuada convallis elit potenti?',8,'brispere5876'),(30,'2016-11-23 00:00:00','Lorem ipsum ipsum massa enim sollicitudin tempus metus phasellus molestie varius.Suspendisse vehicula est enim luctus pharetra torquent hac?Et at sed praesent odio phasellus sem egestas dignissim.',34,'ashlr8014'),(31,'2016-11-09 00:00:00','Lorem ipsum neque elit vel lectus sagittis senectus rutrum natoque.Class curabitur inceptos sagittis, nisi sapien dictum laoreet morbi.Nisl curabitur metus class, mauris aptent auctor accumsan habitasse?',19,'ashlr8014'),(32,'2016-11-09 00:00:00','Lorem ipsum nisl nascetur laoreet urna augue pulvinar vehicula sodales.Mus odio lorem sociosqu adipiscing taciti, curabitur nulla leo.Euismod tellus faucibus hendrerit rutrum orci turpis sociosqu id.',16,'ashlr8014'),(33,'2016-11-18 00:00:00','Lorem ipsum senectus dui ullamcorper, ridiculus ultricies diam sapien montes cursus tempor suspendisse?Netus at scelerisque conubia praesent aliquet, sapien gravida.Lorem dapibus ligula senectus tempor duis penatibus semper duis faucibus iaculis.',30,'ashlr8014'),(34,'2016-11-20 00:00:00','Lorem ipsum condimentum tristique vulputate pretium justo maecenas magnis posuere.Mus integer dolor curabitur feugiat fames condimentum, lectus iaculis ullamcorper litora.Porttitor lectus massa, purus leo pretium mattis dis.',9,'ashlr8014'),(35,'2016-11-15 00:00:00','Lorem ipsum velit turpis dis consequat semper curae; fringilla cubilia.Sed fermentum maecenas inceptos commodo senectus, quis nulla bibendum tortor iaculis consequat.Rutrum mollis laoreet adipiscing conubia ridiculus ridiculus elit mi imperdiet parturient.',39,'ashlr8014'),(36,'2016-11-29 00:00:00','Lorem ipsum molestie eros ridiculus mauris egestas mattis porttitor placerat donec ut; dapibus dictum.Mollis montes egestas inceptos fames litora curabitur aliquam enim varius tempor pellentesque.Eu penatibus porttitor a maecenas tincidunt torquent cras lacinia potenti.',27,'ashlr8014'),(37,'2016-11-18 00:00:00','Lorem ipsum vestibulum cursus morbi porta commodo conubia odio, morbi massa ultrices nibh consectetur.Ante praesent enim mattis faucibus risus rhoncus fermentum sollicitudin amet.Et habitasse dis praesent bibendum parturient eget ipsum a.',19,'ashlr8014'),(38,'2016-11-28 00:00:00','Lorem ipsum mus potenti diam tristique est velit suspendisse penatibus proin venenatis lorem.Nec quam ligula adipiscing felis parturient inceptos, suspendisse lorem in!Fames aenean dui ligula dignissim facilisis vulputate lacinia pharetra.',37,'ashlr8014'),(39,'2016-11-18 00:00:00','Lorem ipsum lacinia sit tellus accumsan torquent mus penatibus elementum.Neque nascetur nullam tortor curae; ullamcorper hac eget lacus maecenas accumsan.Taciti torquent enim hendrerit torquent aliquam dui massa tempor non gravida vivamus.',38,'ashlr8014'),(40,'2016-11-23 00:00:00','Lorem ipsum sapien primis vehicula commodo, augue orci mauris sapien ridiculus?Hac dapibus proin ornare lacus facilisis cras mollis lacinia.Mi amet adipiscing litora, nec pharetra fames luctus ipsum.',39,'adenpage5216'),(41,'2016-11-16 00:00:00','Lorem ipsum nulla porta porta suscipit ac malesuada netus tellus nisl ac pellentesque scelerisque.Euismod ut erat id congue pulvinar semper purus.Suscipit nunc molestie penatibus sagittis aenean senectus sollicitudin donec.',22,'adenpage5216'),(42,'2016-11-19 00:00:00','Lorem ipsum congue ullamcorper sociis curae; neque accumsan consequat commodo dignissim ante?Felis diam per lobortis morbi dictumst penatibus magna habitant morbi.Sagittis fermentum parturient platea libero dui nisi porta hac aenean risus odio!',28,'adenpage5216'),(43,'2016-11-01 00:00:00','Lorem ipsum a tempus accumsan dictumst tellus sapien sagittis consequat iaculis.Gravida aptent luctus mi velit fusce ridiculus cum.Ac morbi posuere bibendum phasellus at taciti phasellus.',36,'adenpage5216'),(44,'2016-11-29 00:00:00','Lorem ipsum phasellus lectus curae; ultrices hendrerit eget amet habitant parturient venenatis, suspendisse mus.Tortor sodales, tempor turpis purus tortor suspendisse consectetur.Mus dis quisque morbi accumsan felis suscipit molestie.',38,'adenpage5216'),(45,'2016-11-28 00:00:00','Lorem ipsum pharetra tristique elit vehicula leo per convallis eu dolor ut.Sodales class aliquam condimentum iaculis nascetur pulvinar semper arcu odio euismod.In interdum himenaeos; lacus sem non condimentum risus et quam suscipit.',2,'adenpage5216'),(46,'2016-11-21 00:00:00','Lorem ipsum lectus vel vehicula suspendisse, mauris accumsan curabitur in duis vehicula ac!Quis sociis facilisi taciti vestibulum nisi ante sed aptent?Inceptos varius urna, tempor duis molestie per cras sem cras.',31,'adenpage5216'),(47,'2016-11-12 00:00:00','Lorem ipsum fermentum suscipit nisl habitant turpis cum ridiculus, potenti bibendum gravida.Urna quisque primis quisque nibh mus malesuada quisque praesent consequat cursus phasellus?Inceptos maecenas cum auctor varius ligula aenean fames sapien per.',39,'adenpage5216'),(48,'2016-11-07 00:00:00','Lorem ipsum litora mus scelerisque nisl vel cubilia lobortis ante.Montes placerat ac cursus blandit senectus scelerisque nunc consequat primis porttitor.Quam felis orci ridiculus inceptos tincidunt arcu vel enim elit euismod!',40,'adenpage5216'),(49,'2016-11-01 00:00:00','Lorem ipsum dictum sociosqu conubia pellentesque tristique etiam egestas volutpat.Luctus nibh augue metus viverra, odio facilisi ac hac.Iaculis sem sit adipiscing bibendum in est at commodo malesuada.',5,'adenpage5216'),(50,'2016-11-07 00:00:00','Lorem ipsum nec cum risus lacinia ante nibh commodo penatibus potenti.Euismod velit scelerisque imperdiet tempus porttitor nostra proin quam.Et a potenti ridiculus posuere aliquet suscipit venenatis mi.',29,'adenpage5216'),(51,'2016-11-20 00:00:00','Lorem ipsum euismod tincidunt malesuada pharetra tristique felis vitae tincidunt.Lacus nisl elementum pellentesque rutrum aliquet eget tellus auctor ultricies senectus.At sociosqu fusce commodo eleifend quisque massa lacinia parturient commodo.',6,'adenpage5216'),(52,'2016-11-19 00:00:00','Lorem ipsum quam malesuada rhoncus molestie, interdum mattis suscipit id sit.Felis platea taciti ad nascetur litora venenatis parturient sagittis tristique?Orci ullamcorper et habitasse nibh porttitor vulputate morbi fringilla porta?',35,'adenpage5216'),(53,'2016-11-07 00:00:00','Lorem ipsum congue netus lacinia laoreet eget etiam elit facilisi non sociis.Odio hac habitasse litora donec fames sapien netus.Ridiculus purus nullam nulla condimentum fermentum id lectus magna pulvinar.',38,'adenpage5216'),(54,'2016-11-26 00:00:00','Lorem ipsum enim ad quis vulputate rutrum risus, lacinia suspendisse magnis primis mattis.Vitae quis; rhoncus parturient posuere placerat cum et odio habitasse sed!Duis platea facilisi nisl mauris quisque primis nunc tincidunt sapien.',35,'adenpage5216'),(55,'2016-11-28 00:00:00','Lorem ipsum purus habitant cras lacus id enim fusce luctus nostra.Facilisis potenti tempus vestibulum aenean suscipit semper nullam ac.Habitant ipsum arcu sodales tristique curabitur conubia eros urna pretium.',35,'adenpage5216'),(56,'2016-11-17 00:00:00','Lorem ipsum natoque adipiscing at, curae; pellentesque a est lobortis imperdiet conubia euismod.Cursus mattis sem pulvinar taciti lectus enim lacinia leo ipsum penatibus.Libero ac nostra curae; diam ut placerat posuere himenaeos sodales lobortis.',13,'adenpage5216'),(57,'2016-11-22 00:00:00','Lorem ipsum non montes sociosqu eros maecenas rutrum facilisi augue curabitur mattis.Dapibus quam porta cras sollicitudin rhoncus metus aenean porttitor eu nostra.Elit ante, mus dis torquent mi eros natoque dignissim.',23,'adenpage5216'),(58,'2016-11-12 00:00:00','Lorem ipsum magnis viverra magnis pharetra cum scelerisque ultricies arcu per venenatis ultricies taciti.Habitasse, aliquet pretium dis non nullam conubia eleifend cursus magna.Cras risus ornare ullamcorper integer lectus pellentesque dis.',34,'adenpage5216'),(59,'2016-11-03 00:00:00','Lorem ipsum facilisi, etiam posuere libero arcu dui mauris viverra auctor bibendum.Nec quis eleifend a vitae ad accumsan cubilia vel nisl.Accumsan ut gravida sociis dis; tortor natoque vel posuere.',17,'daliadal2828'),(60,'2016-11-05 00:00:00','Lorem ipsum potenti non lectus nec himenaeos sodales luctus platea?Dapibus nascetur cursus hendrerit facilisis primis suscipit lacinia cras phasellus.Malesuada orci facilisis tempus ornare turpis volutpat varius nostra et facilisi volutpat.',4,'daliadal2828'),(61,'2016-11-26 00:00:00','Lorem ipsum magnis sed ullamcorper nunc habitasse non quam a.Ante dolor risus mi nam justo suscipit mattis nibh.Varius sociosqu platea tellus accumsan dignissim, primis vulputate massa sagittis.',32,'daliadal2828'),(62,'2016-11-14 00:00:00','Lorem ipsum tortor enim litora dui tellus cras aliquet aliquam dignissim.Turpis torquent sollicitudin nec sodales risus suscipit magna potenti porttitor?Pharetra augue cubilia elementum auctor cum in parturient a.',26,'daliadal2828'),(63,'2016-11-25 00:00:00','Lorem ipsum tortor mollis, venenatis dictumst ut duis convallis facilisis dictum.Cum dignissim praesent potenti mattis ligula lorem rhoncus conubia magnis elit.Iaculis fringilla elit elit ut justo, morbi velit metus.',35,'daliadal2828'),(64,'2016-11-20 00:00:00','Lorem ipsum auctor duis suspendisse pellentesque nullam massa quam vehicula in natoque mus lacinia!Cursus habitant auctor habitant egestas parturient iaculis per elementum ipsum ipsum.Eu parturient conubia litora neque in magnis ultrices quisque ante!',37,'daliadal2828'),(65,'2016-11-22 00:00:00','Lorem ipsum fusce habitant leo ac placerat blandit libero ut?Ac ante tempus condimentum vitae proin porta nascetur fringilla, lectus luctus.Varius elementum elit aptent habitant arcu hac fusce eu fringilla.',13,'daliadal2828'),(66,'2016-11-19 00:00:00','Lorem ipsum commodo nibh tempus habitant, interdum ultrices magnis cras nec.Libero velit a penatibus aliquet class accumsan donec fusce.Feugiat sociosqu ad vestibulum mattis ad aliquet, gravida diam odio nisl.',21,'daliadal2828'),(67,'2016-11-10 00:00:00','Lorem ipsum integer quisque lobortis, augue nascetur etiam a ad iaculis.Pretium, suscipit elementum dui eleifend ornare potenti lacinia vivamus.Dis ultrices senectus quis varius eleifend aliquet vulputate.',31,'daliadal2828'),(68,'2016-11-03 00:00:00','Lorem ipsum nunc fusce aenean consectetur porttitor vehicula et sit.Porttitor erat cubilia felis etiam natoque lectus est venenatis tincidunt primis cubilia.Per ligula egestas dictumst dapibus morbi nibh donec eget pharetra.',18,'daliadal2828'),(69,'2016-11-27 00:00:00','Lorem ipsum cursus purus himenaeos risus iaculis metus ridiculus porttitor amet neque.Lectus quisque porttitor lacus fusce sollicitudin vulputate eleifend sociis eros lectus diam.Arcu taciti hac faucibus ligula ultrices justo vitae ante.',13,'wilchan5080'),(70,'2016-11-14 00:00:00','Lorem ipsum gravida senectus curae; hac dis quisque tempus fusce vivamus, phasellus porta.Justo tellus iaculis in eu mi commodo metus, sociis nisl lacinia molestie.Orci pretium etiam quisque eros hac at elementum praesent duis.',35,'wilchan5080'),(71,'2016-11-28 00:00:00','Lorem ipsum fames semper sodales magna, scelerisque vitae pharetra arcu bibendum.Conubia proin venenatis bibendum dictumst accumsan adipiscing egestas feugiat vehicula metus.Litora arcu interdum vulputate molestie mauris purus dui volutpat parturient nibh dapibus!',17,'wilchan5080'),(72,'2016-11-24 00:00:00','Lorem ipsum scelerisque erat magnis adipiscing eleifend urna nam risus phasellus dui.Varius dignissim a aptent id odio phasellus sagittis felis.Sapien id laoreet molestie curae; platea consectetur posuere facilisis posuere diam class.',12,'wilchan5080'),(73,'2016-11-11 00:00:00','Lorem ipsum rutrum lacus erat imperdiet ante, vestibulum maecenas enim consectetur.Ornare turpis facilisi nostra erat laoreet pellentesque faucibus tincidunt facilisis class ridiculus!Ornare maecenas velit ac sit libero porta, curabitur primis consequat nascetur.',19,'wilchan5080'),(74,'2016-11-26 00:00:00','Lorem ipsum magnis fusce lectus consequat cursus fusce mi ante nibh iaculis risus.Ullamcorper ligula litora imperdiet risus quisque penatibus nullam ad fames accumsan.Bibendum feugiat sociosqu non iaculis sit vel velit ultrices tortor sed aliquet.',20,'wilchan5080'),(75,'2016-11-21 00:00:00','Lorem ipsum laoreet adipiscing accumsan ac dictumst purus nullam sociis adipiscing facilisi urna.Facilisis nisi, torquent imperdiet eget donec porta consequat eros!Congue nam nec maecenas commodo euismod erat ridiculus.',40,'wilchan5080'),(76,'2016-11-18 00:00:00','Lorem ipsum habitasse scelerisque fusce aenean ornare eleifend hendrerit aenean nullam.Cum dictum molestie sollicitudin, sed nunc nam a.Nascetur posuere magna tempus libero tempus potenti semper lacinia non.',18,'wilchan5080'),(77,'2016-11-29 00:00:00','Lorem ipsum ut ac nam morbi facilisi magnis interdum commodo interdum.Netus nascetur habitant pharetra vehicula class pretium vel nam sociosqu amet!Dis vulputate montes cubilia mi sollicitudin felis facilisi fames.',19,'wilchan5080'),(78,'2016-11-20 00:00:00','Lorem ipsum habitant enim magna sociosqu vestibulum suscipit ad dis sociis interdum.Dis vehicula sociis tempor urna cursus curabitur est amet bibendum rutrum.Cursus quis sit sodales aliquam imperdiet pretium lorem donec.',40,'wilchan5080'),(79,'2016-11-06 00:00:00','Lorem ipsum rhoncus luctus hac eros parturient nam imperdiet class nunc.Nullam hac luctus platea rutrum hac ultrices ultrices vivamus iaculis magna proin.Habitant id pretium class etiam ornare metus felis sollicitudin curae; nam quisque?',10,'wilchan5080'),(80,'2016-11-27 00:00:00','Lorem ipsum duis viverra leo senectus fringilla integer fermentum mauris.Dictum pretium tellus elementum fringilla proin dis augue luctus pharetra.Nascetur, massa augue fames varius laoreet eget fringilla.',39,'wilchan5080'),(81,'2016-11-10 00:00:00','Lorem ipsum lobortis duis malesuada potenti class sapien magnis donec hac a ultricies.Torquent libero litora vestibulum mollis taciti vitae cum convallis mus erat.Non nunc dapibus velit aliquet vulputate fermentum dolor faucibus lobortis.',15,'wilchan5080'),(82,'2016-11-06 00:00:00','Lorem ipsum vivamus sociosqu porta justo conubia pretium sollicitudin penatibus posuere.In, aliquet litora varius velit suspendisse lobortis interdum potenti iaculis.Sagittis quis molestie venenatis tristique ligula natoque cum.',34,'wilchan5080'),(83,'2016-11-17 00:00:00','Lorem ipsum a leo eleifend, dictumst etiam vestibulum molestie tempus.Ornare; maecenas etiam sollicitudin per turpis mi eleifend.Bibendum morbi quisque vel tellus varius vehicula lorem auctor interdum consequat.',32,'rylod5123'),(84,'2016-11-23 00:00:00','Lorem ipsum mauris justo sociis venenatis semper interdum natoque fusce faucibus hac donec.Urna suscipit et ornare fermentum fusce sollicitudin rhoncus.Blandit inceptos dignissim mattis, donec tempor purus ante.',18,'rylod5123'),(85,'2016-11-26 00:00:00','Lorem ipsum proin ligula viverra felis dictumst, nisl dapibus rutrum.Luctus, sed orci nisl primis varius dapibus per.Penatibus sollicitudin nam, luctus ac eleifend varius volutpat eleifend.',14,'rylod5123'),(86,'2016-11-19 00:00:00','Lorem ipsum interdum quis blandit mi etiam accumsan platea eros suspendisse.Nullam posuere sagittis amet rutrum taciti diam urna magna.Hac lobortis aptent sociosqu turpis gravida eu, sagittis sociosqu vel vehicula.',9,'rylod5123'),(87,'2016-11-12 00:00:00','Lorem ipsum volutpat faucibus ullamcorper posuere phasellus aliquet porta eget lobortis mauris ligula vestibulum.Luctus cum neque fringilla euismod mi quis ornare tincidunt luctus facilisi sollicitudin.Urna sociosqu enim nascetur vel donec senectus conubia.',36,'rylod5123'),(88,'2016-11-18 00:00:00','Lorem ipsum scelerisque tristique maecenas nam magna varius conubia consequat.Parturient blandit dapibus duis morbi phasellus tincidunt etiam.Suspendisse massa blandit nibh nunc porta suscipit condimentum ultrices pretium felis.',2,'rylod5123'),(89,'2016-11-01 00:00:00','Lorem ipsum dictum inceptos platea sodales neque nulla nisi porttitor.Cras nibh vehicula diam fusce volutpat mus purus risus pharetra quam ultricies.Fermentum dis in quis ultrices blandit vitae dui torquent litora eu fusce!',2,'rylod5123'),(90,'2016-11-07 00:00:00','Lorem ipsum varius et accumsan, euismod donec eleifend consequat dolor.Mattis purus leo interdum pharetra nullam accumsan libero nulla imperdiet pulvinar.Cum scelerisque ultricies sed molestie, himenaeos faucibus scelerisque.',40,'rylod5123'),(91,'2016-11-25 00:00:00','Lorem ipsum in tristique leo et, rutrum curae; curabitur ullamcorper ut.Habitasse habitasse posuere sociosqu tempor vel morbi eleifend sociis.Id ornare conubia iaculis condimentum potenti vehicula nunc nascetur commodo accumsan vitae.',21,'rylod5123'),(92,'2016-11-07 00:00:00','Lorem ipsum dignissim ut libero ultricies posuere elit eget dis conubia diam libero cras.Fusce ultricies auctor sollicitudin dapibus aliquet, mollis fusce nisi.Metus etiam primis magnis arcu sodales parturient curae; sed dictumst massa.',20,'rylod5123'),(93,'2016-11-21 00:00:00','Lorem ipsum nibh neque nisi dapibus primis malesuada quis vel a cum ipsum!Id sapien duis consequat varius parturient eu euismod.Torquent pretium eget curae; maecenas volutpat arcu curae; purus duis eget!',25,'zarileona1006'),(94,'2016-11-27 00:00:00','Lorem ipsum cum feugiat placerat taciti iaculis pharetra, cras curae; nunc conubia aliquet facilisi.Facilisi eros sed primis nunc netus nisl lacus!Elementum a diam cras sagittis elit aptent lectus non.',29,'zarileona1006'),(95,'2016-11-20 00:00:00','Lorem ipsum aenean gravida quis parturient in quam nunc adipiscing!Malesuada, aenean magnis ullamcorper pretium at nibh pulvinar vitae ut sit pharetra.Lacinia aptent aliquet tempus sapien ipsum erat porttitor nam penatibus.',20,'zarileona1006'),(96,'2016-11-22 00:00:00','Lorem ipsum proin et donec neque dis fermentum fames nisl ante?Placerat porta viverra quam condimentum, pellentesque scelerisque neque cubilia quis.Venenatis mus auctor donec massa integer porttitor netus!',36,'zarileona1006'),(97,'2016-11-04 00:00:00','Lorem ipsum dis vitae netus netus pulvinar et torquent habitasse quisque venenatis torquent pharetra.Adipiscing molestie quam risus vivamus sociosqu habitant adipiscing adipiscing facilisi.Felis ultricies tempor rhoncus tincidunt purus, in elit cras.',32,'zarileona1006'),(98,'2016-11-22 00:00:00','Lorem ipsum mi, semper gravida tellus risus vulputate ultricies himenaeos vulputate nam.Massa, consectetur amet habitant convallis tortor maecenas blandit nunc ut litora magna.Lectus rutrum primis erat primis nisl etiam platea.',12,'zarileona1006'),(99,'2016-11-28 00:00:00','Lorem ipsum malesuada aliquet magna imperdiet pharetra duis consequat tellus aptent sodales.Sapien sagittis libero tincidunt feugiat nec maecenas libero suscipit?Amet condimentum justo sodales penatibus habitasse mollis lectus nunc proin eros.',4,'zarileona1006'),(100,'2016-11-13 00:00:00','Lorem ipsum fames laoreet duis habitasse pretium dictum orci mauris turpis nostra.Mollis elit diam lacus tincidunt elementum senectus posuere?Molestie porta sed blandit, penatibus ornare fames habitant sem suscipit interdum!',11,'zarileona1006'),(101,'2016-11-26 00:00:00','Lorem ipsum ligula gravida, class pretium ante tempus varius hac lobortis aliquam aptent.Nisi turpis sit at tortor mi dictum elit euismod fermentum mauris?Interdum pellentesque turpis massa magna vehicula ut eget consequat congue et a.',8,'zarileona1006'),(102,'2016-11-07 00:00:00','Lorem ipsum mi condimentum tortor gravida purus vehicula etiam, eu euismod feugiat euismod?Primis felis porta dolor iaculis, lobortis vestibulum ultrices.Suscipit feugiat eleifend purus natoque ut ut class nostra egestas varius.',14,'zarileona1006'),(103,'2016-11-14 00:00:00','Lorem ipsum venenatis eget cras parturient egestas suspendisse aenean phasellus dis sociosqu luctus.Lobortis duis in eros conubia facilisis, lorem pharetra semper dapibus.Bibendum donec, cursus varius tempus posuere sem sem vivamus luctus.',20,'zarileona1006'),(104,'2016-11-07 00:00:00','Lorem ipsum imperdiet lobortis id parturient nullam quisque, posuere nullam hac.Lorem commodo vestibulum sem ac dictumst diam nulla dapibus adipiscing semper erat.Feugiat montes et erat enim ultrices semper eu nullam vivamus a ullamcorper.',4,'finngre9864'),(105,'2016-11-11 00:00:00','Lorem ipsum molestie malesuada neque tortor quam turpis suscipit mi blandit laoreet.Sit velit sit lobortis vulputate in fringilla venenatis.Non bibendum primis vivamus bibendum platea nullam rhoncus felis.',20,'finngre9864'),(106,'2016-11-11 00:00:00','Lorem ipsum placerat massa auctor dictum aliquam iaculis etiam egestas augue?Nam commodo vulputate laoreet accumsan lacinia fringilla potenti nulla cras parturient volutpat.Magnis condimentum accumsan semper faucibus, tristique netus dui fringilla mollis taciti metus.',6,'finngre9864'),(107,'2016-11-16 00:00:00','Lorem ipsum aliquet tempor penatibus ad nascetur vel condimentum est tempus pretium lectus neque.Ultricies sapien felis augue imperdiet mus hendrerit dictumst tempus feugiat?Natoque, leo integer leo netus platea himenaeos sagittis facilisi himenaeos integer.',0,'finngre9864'),(108,'2016-11-28 00:00:00','Lorem ipsum neque justo scelerisque nisi dolor tincidunt senectus morbi quis tellus.Donec aliquam odio parturient feugiat dis rutrum cras blandit!Volutpat sagittis quam proin congue dictum iaculis augue.',7,'finngre9864'),(109,'2016-11-05 00:00:00','Lorem ipsum nam in molestie adipiscing volutpat aliquet odio tincidunt.Rutrum mauris sed maecenas dis etiam id porttitor porttitor.Sociis in proin eleifend tortor nisl torquent aliquet egestas accumsan.',36,'finngre9864'),(110,'2016-11-01 00:00:00','Lorem ipsum himenaeos libero aliquet quis ornare condimentum, nunc dignissim luctus dapibus himenaeos integer.Egestas eget, ante class tincidunt morbi nulla sapien consequat etiam lectus.Sodales litora etiam tincidunt erat vestibulum pulvinar libero laoreet turpis amet consequat.',3,'finngre9864'),(111,'2016-11-29 00:00:00','Lorem ipsum vel gravida lobortis neque tortor dolor urna mollis lorem nullam.Aliquam nunc pellentesque purus luctus euismod nisl elementum consectetur facilisis nostra.Tortor in id dignissim vitae nascetur, morbi proin nostra potenti montes sit?',5,'finngre9864'),(112,'2016-11-10 00:00:00','Lorem ipsum nisi nulla sollicitudin faucibus dolor sem lacus fames.Bibendum non tempor massa at magna duis tincidunt metus dis faucibus sollicitudin.Euismod blandit nunc platea convallis turpis sit vehicula iaculis primis platea.',31,'finngre9864'),(113,'2016-11-07 00:00:00','Lorem ipsum nec purus porttitor tempor lorem quisque aliquet, blandit eleifend ut.Magnis potenti, mi urna eros euismod convallis fusce ultrices.Habitant vitae facilisi sagittis auctor sodales scelerisque lacinia.',27,'finngre9864'),(114,'2016-11-28 00:00:00','Lorem ipsum potenti vel sociis vitae sed congue potenti sed quam sociis fermentum porta.Erat etiam sit curabitur rhoncus rhoncus natoque fames facilisis conubia felis.Aenean nunc dignissim praesent id natoque nascetur sagittis tristique lectus enim nulla.',25,'finngre9864'),(115,'2016-11-27 00:00:00','Lorem ipsum non inceptos, quam per dictum ligula aliquet ante molestie ad vestibulum integer.Elit non vitae non dignissim quam fusce torquent adipiscing scelerisque.Posuere torquent nullam aliquet ornare dictumst condimentum velit facilisi.',14,'finngre9864'),(117,'2016-11-11 00:00:00','Lorem ipsum conubia integer, etiam taciti montes lobortis in porttitor blandit commodo dignissim vivamus.Lacinia laoreet ipsum consequat purus mollis nibh facilisi feugiat.Lobortis vulputate pretium potenti facilisi ad porttitor etiam dis et.',5,'finngre9864'),(118,'2016-11-09 00:00:00','Lorem ipsum id diam cras dolor sed hendrerit et sodales pellentesque ante?Habitasse venenatis pharetra rhoncus potenti primis accumsan dis erat, litora consequat commodo.Facilisis senectus dis vestibulum egestas sem augue consectetur lectus sollicitudin?',38,'finngre9864'),(119,'2016-11-28 00:00:00','Lorem ipsum cras primis phasellus non mus sit senectus ut.Vestibulum nullam consequat habitant vivamus vitae luctus vehicula vestibulum auctor dictumst facilisi.Sagittis purus class senectus metus convallis eu neque.',35,'finngre9864'),(120,'2016-11-01 00:00:00','Lorem ipsum lobortis ligula sapien molestie ullamcorper sollicitudin urna dis eu ligula semper interdum!Maecenas risus pellentesque turpis mus ultrices commodo fermentum lectus donec!Ut feugiat, nisi etiam montes vehicula dolor bibendum.',39,'finngre9864'),(121,'2016-11-16 00:00:00','Lorem ipsum dis venenatis rhoncus tempus volutpat purus elementum lobortis cras vestibulum sed lobortis.Felis euismod curae; in massa iaculis vivamus dui urna hendrerit pretium cubilia.Vulputate vehicula nullam elit sociosqu mollis aliquam hendrerit.',17,'finngre9864'),(122,'2016-11-22 00:00:00','Lorem ipsum penatibus justo sem cras scelerisque phasellus lectus porttitor primis taciti.Nisl elit interdum odio scelerisque sodales non cursus neque fringilla.Sed donec sit tristique consequat lorem dolor tellus pretium.',26,'marpo5956'),(123,'2016-11-10 00:00:00','Lorem ipsum cras fames lacus nulla elit luctus taciti tellus natoque felis.Dictum aliquet hac ante rutrum etiam ad torquent tempus ultrices eu.Cum pellentesque purus habitant quis tincidunt nunc senectus.',39,'marpo5956'),(124,'2016-11-05 00:00:00','Lorem ipsum lorem interdum class dictum habitant feugiat condimentum dolor.Iaculis turpis morbi hac ipsum senectus cras per et facilisi.Sed ridiculus non natoque viverra euismod platea phasellus erat?',35,'marpo5956'),(125,'2016-11-07 00:00:00','Lorem ipsum nullam aliquam vehicula velit venenatis, est venenatis senectus vitae himenaeos!Ullamcorper ornare phasellus malesuada mus elit fusce mauris, cubilia aliquam morbi?Dictum inceptos purus rutrum praesent gravida suscipit at dictum.',24,'marpo5956'),(126,'2016-11-02 00:00:00','Lorem ipsum urna vel nec metus sollicitudin dui sodales tincidunt sed?Leo nascetur congue scelerisque felis molestie mattis condimentum eu risus luctus nullam.Dolor porttitor pellentesque sodales lorem sed vulputate morbi purus suscipit.',12,'marpo5956'),(127,'2016-11-06 00:00:00','Lorem ipsum natoque amet aliquam rutrum dictumst lorem pulvinar tempus.Platea in purus nulla netus porta venenatis euismod auctor tincidunt.Scelerisque habitant proin erat habitant tristique cum eu?',7,'marpo5956'),(128,'2016-11-24 00:00:00','Lorem ipsum facilisis ullamcorper lacinia dictumst magnis fusce mattis tempor sociis placerat consequat.Pellentesque libero mi mi laoreet gravida in malesuada, urna nisl dignissim?Fames etiam varius ullamcorper ac semper faucibus vehicula luctus dictumst torquent mattis.',2,'marpo5956'),(129,'2016-11-19 00:00:00','Lorem ipsum senectus gravida in congue at cras ultricies faucibus proin nec.Hendrerit hendrerit fames, tincidunt augue erat cras orci.Tristique dis enim erat velit vestibulum condimentum tincidunt tempor platea consequat.',34,'marpo5956'),(130,'2016-11-26 00:00:00','Lorem ipsum tristique nascetur et habitant hac imperdiet nulla taciti vitae fringilla dui sagittis!Eu quisque augue suscipit convallis magnis morbi natoque.Dictum vehicula viverra suscipit odio, tincidunt interdum mi blandit turpis.',15,'marpo5956'),(131,'2016-11-21 00:00:00','Lorem ipsum cursus orci non mattis ridiculus duis pretium nostra diam auctor primis auctor?Imperdiet iaculis pulvinar ridiculus in aliquet est imperdiet euismod!Ridiculus aliquet nisi a dis ad lacus inceptos.',26,'marpo5956'),(132,'2016-11-10 00:00:00','Lorem ipsum quis sed nascetur netus tincidunt sed risus magnis cubilia.Pulvinar ultrices elit hac fusce accumsan etiam aliquet torquent porta turpis placerat.Scelerisque faucibus blandit per conubia porttitor nam ante potenti et vel.',7,'marpo5956'),(133,'2016-11-10 00:00:00','Lorem ipsum proin eu feugiat primis vestibulum adipiscing aliquam sociis tristique aliquet convallis sagittis.Curae; tellus torquent imperdiet eros quam elementum nulla lacinia curabitur, pretium aliquet.Fringilla vitae eu pharetra sapien viverra aliquam class mauris orci.',25,'marpo5956'),(134,'2016-11-23 00:00:00','Lorem ipsum proin ad, sem lectus imperdiet auctor bibendum natoque.Rhoncus rutrum magnis diam interdum condimentum congue habitant ridiculus praesent.Conubia dis auctor torquent egestas ac netus pellentesque metus quam dolor taciti.',28,'marpo5956'),(135,'2016-11-17 00:00:00','Lorem ipsum sociosqu nostra fringilla odio mollis consequat euismod tempus duis, mattis phasellus nascetur.Non sem fames morbi lacinia elit venenatis sociis urna eros aptent nascetur.Nascetur pretium mi urna nulla vestibulum neque primis augue tincidunt.',2,'marpo5956'),(136,'2016-11-21 00:00:00','Lorem ipsum nunc aenean pulvinar fringilla dignissim duis eu natoque.Fermentum ligula placerat ut at mollis ornare class!Conubia hendrerit habitant cubilia adipiscing integer morbi nec condimentum.',34,'marpo5956'),(137,'2016-11-11 00:00:00','Lorem ipsum dictum ridiculus rutrum turpis interdum; sed donec curabitur parturient.Ante nullam in aliquam sollicitudin, venenatis mattis ipsum!Gravida etiam accumsan porttitor posuere dictum penatibus nibh ante lorem vel.',33,'marpo5956'),(138,'2016-11-03 00:00:00','Lorem ipsum lorem dui eros aliquet augue dis semper venenatis, fringilla enim suscipit.Habitasse est porttitor nam consectetur parturient ligula nisi diam nisl egestas purus.Nulla morbi pharetra gravida erat nam sociosqu lobortis platea neque eros vel.',39,'marpo5956'),(139,'2016-11-14 00:00:00','Lorem ipsum lacus netus donec posuere tellus praesent consectetur et interdum.Urna consectetur sapien porttitor suspendisse lobortis vehicula venenatis luctus natoque vulputate aliquam.Quisque placerat pellentesque fermentum netus tincidunt ornare mauris libero conubia natoque.',20,'marpo5956'),(140,'2016-11-23 08:17:13','Krasavcy!',87,'LoolzRules'),(141,'2016-11-23 09:19:08','This is my first comment',88,'leha_raketa96'),(142,'2016-11-23 09:19:24','This is my second comment',88,'leha_raketa96'),(143,'2016-11-23 15:18:04','fghjkl;wdfghbjkresdftgbhesfihij',87,'leha_raketa96'),(144,'2016-11-24 05:30:05','This is my \"I am not sure which number\" comment',90,'alex'),(145,'2016-11-24 05:31:23','It is also me',90,'leha_raketa96');
/*!40000 ALTER TABLE `comment` ENABLE KEYS */;
UNLOCK TABLES;

--
-- Table structure for table `post`
--

DROP TABLE IF EXISTS `post`;
/*!40101 SET @saved_cs_client     = @@character_set_client */;
/*!40101 SET character_set_client = utf8 */;
CREATE TABLE `post` (
  `postId` int(10) unsigned NOT NULL AUTO_INCREMENT,
  `number_of_likes` int(10) unsigned zerofill DEFAULT '0000000000',
  `date` datetime NOT NULL,
  `body` mediumtext CHARACTER SET utf8 NOT NULL,
  `category` varchar(45) CHARACTER SET utf8 NOT NULL DEFAULT 'General',
  `user_nickname` varchar(15) CHARACTER SET utf8 NOT NULL,
  `title` tinytext CHARACTER SET utf8 NOT NULL,
  PRIMARY KEY (`postId`,`user_nickname`),
  UNIQUE KEY `PostId_UNIQUE` (`postId`),
  KEY `fk_Post_User1_idx` (`user_nickname`),
  CONSTRAINT `fk_Post_User1` FOREIGN KEY (`user_nickname`) REFERENCES `user` (`nickname`) ON DELETE CASCADE ON UPDATE NO ACTION
) ENGINE=InnoDB AUTO_INCREMENT=92 DEFAULT CHARSET=utf8 COLLATE=utf8_unicode_ci;
/*!40101 SET character_set_client = @saved_cs_client */;

--
-- Dumping data for table `post`
--

LOCK TABLES `post` WRITE;
/*!40000 ALTER TABLE `post` DISABLE KEYS */;
INSERT INTO `post` VALUES (1,0000000000,'2015-04-01 00:00:00','<p>Lorem ipsum placerat id sapien sollicitudin ligula cubilia luctus rutrum. Lorem ipsum fermentum netus bibendum ultricies porttitor consectetur lacinia vel. Lorem ipsum facilisis mollis natoque vestibulum class porttitor id quisque! Lorem ipsum volutpat per torquent sociosqu interdum molestie tortor sociis. </p><p>Dui nam arcu, faucibus hendrerit facilisi sagittis convallis fringilla gravida? Et eleifend hac imperdiet consectetur odio curabitur per vivamus per. Fringilla aliquet nam mus nibh turpis nibh donec cum sociis. Venenatis venenatis convallis mus montes ante fusce tristique lacus dui. Felis non fringilla torquent nunc libero tristique dui erat accumsan. </p><p>Ultricies taciti rutrum metus sociosqu imperdiet eu fusce commodo sagittis. Risus a in curabitur nisi turpis id aenean proin vitae. Ultricies nec nulla per hac aptent justo, vitae neque lobortis. </p><p>Litora dapibus dignissim molestie morbi ridiculus vivamus cum tristique quisque gravida risus. Pellentesque natoque litora dui inceptos inceptos interdum eget, parturient platea nisi inceptos. Mauris pulvinar pharetra quis volutpat libero elementum posuere consectetur arcu ligula platea. Porta ligula sem porta dolor, habitasse dignissim nibh himenaeos aliquam nisl ipsum. Curabitur eget viverra sagittis nisi leo netus congue mauris vel aptent faucibus. Netus dictumst senectus amet nostra placerat consectetur nunc sem torquent, per molestie. </p><p>Aliquet dictum porttitor blandit ullamcorper inceptos blandit fusce eros phasellus aenean. Ligula metus nisi aliquam et quam ipsum torquent rhoncus habitant facilisis. Conubia etiam nibh class curabitur cum mi tincidunt elit neque curae;. Senectus eget potenti fames ridiculus nisl ut praesent turpis enim tincidunt! Lectus lectus nullam orci sagittis auctor congue amet fringilla varius dolor! </p><p>Libero odio ipsum habitant aliquam eros adipiscing nisi diam eleifend. Mus vehicula viverra integer nisl mattis aliquet aliquet ante hac. Imperdiet pulvinar maecenas luctus rhoncus eget porttitor porta, commodo tortor. </p><p>Nibh imperdiet velit ornare curabitur praesent eleifend pharetra rutrum. Massa mollis, morbi ut sociis lacus lacinia varius tortor. Ad tempus tincidunt libero quam turpis imperdiet vulputate tristique. Ut dapibus mi, tortor nec sed fusce sociosqu tempor? </p><p>Laoreet commodo orci magnis netus cum sodales urna aenean magna nam at. Consectetur turpis praesent mus class ultrices faucibus lobortis quis montes quam convallis! Dis congue viverra proin accumsan facilisi tellus eu auctor ornare nam consequat. Nostra euismod suscipit fusce amet parturient eu consequat vestibulum ac risus phasellus? </p><p>Consectetur mauris gravida eleifend amet nec donec tempus ultrices litora. Leo fringilla nibh elit hendrerit risus natoque sapien, nostra magnis. Ultricies potenti nisi pellentesque fames litora cursus sodales aptent eleifend? </p><p>Pulvinar tellus elit, magnis nisi tempus aenean montes egestas ornare faucibus tincidunt. A justo placerat dui ridiculus, nascetur est varius facilisis sodales aenean tortor. </p>','Uncategorized','ellba7994','Per montes praesent gravida? Interdum.'),(2,0000000000,'2016-09-26 00:00:00','<p>Lorem ipsum hendrerit vel fermentum class sed ut himenaeos, risus rutrum? Lorem ipsum egestas volutpat mattis arcu himenaeos venenatis morbi ultricies dictum. Lorem ipsum eleifend a proin pretium elementum tristique dignissim magna erat. Lorem ipsum habitant id amet venenatis eros torquent elit imperdiet class. Lorem ipsum pulvinar justo, erat magna nulla donec etiam sit sagittis. Lorem ipsum porta placerat in massa aliquam nisi pharetra condimentum sed. </p><p>Lobortis rutrum praesent natoque cum neque praesent turpis. Iaculis accumsan a metus erat fringilla consectetur massa. Netus augue interdum habitasse dictumst odio iaculis luctus? Proin dui hendrerit leo tempor laoreet erat est! </p><p>Tellus phasellus amet massa mollis diam diam lacinia eu! Convallis ornare ridiculus euismod sagittis vehicula vitae rutrum etiam. Class habitasse justo vestibulum aliquet fringilla natoque scelerisque nascetur. Nisl in facilisis pharetra magna, non vel dolor iaculis. Ullamcorper mollis pellentesque elit mus purus diam fermentum vitae! Mollis condimentum taciti faucibus lectus euismod scelerisque viverra donec. </p><p>Id tellus nunc eget faucibus laoreet dolor etiam sit litora facilisis nisl. Fringilla congue ad sociis elementum rutrum habitant cum risus fames nisl elementum? Dis malesuada morbi in at vitae vitae eros felis gravida vulputate tortor. Est hac sed porta erat; himenaeos cras mollis tristique facilisis molestie elementum. </p><p>Himenaeos vivamus scelerisque faucibus pharetra aptent sem justo integer semper. Rhoncus metus magna ridiculus rhoncus, nibh laoreet sit lectus aenean. </p><p>Consectetur euismod litora, dictumst inceptos phasellus eleifend libero adipiscing ultricies senectus! Iaculis sociis vulputate sociis nullam ac feugiat class himenaeos feugiat primis. Interdum massa vitae cubilia cum dolor metus aptent nostra in porta. Praesent habitasse aenean erat habitant aliquam erat varius tempor orci pulvinar. </p><p>Viverra praesent habitant tristique praesent aliquam quisque vitae odio nascetur. Viverra aenean quis dis nunc, lacus porttitor posuere pulvinar maecenas. Dictum ut aliquam etiam aliquam nulla facilisis pellentesque pharetra platea? Proin ridiculus at molestie est quis mattis inceptos libero sem! Gravida imperdiet turpis condimentum, sodales condimentum aliquet fusce amet lacus. Tellus dictumst parturient rhoncus senectus aliquam himenaeos placerat curae; iaculis. </p><p>Viverra odio elit sed fringilla amet per egestas dapibus suspendisse neque convallis! Aptent pretium sollicitudin posuere fringilla dis pretium scelerisque ante fames massa nascetur? Ornare elit convallis massa imperdiet gravida aliquet curabitur mi dapibus iaculis iaculis. Fames aptent condimentum fringilla porttitor curabitur dolor, senectus orci posuere vehicula bibendum. Donec fames blandit urna est nostra lorem magna, phasellus ut dictumst mauris. </p><p>Litora ad ac velit orci ultrices sociosqu proin aliquet. Rhoncus commodo fusce nisi eros sagittis potenti primis class. Iaculis congue id sit molestie habitant pretium; torquent tincidunt. Semper tellus dictumst porttitor ultrices auctor hac fermentum ante. </p><p>Urna dis mollis eget morbi enim nulla dui. Nibh cras quisque interdum massa taciti risus sociosqu? Per curabitur imperdiet eros ac arcu non conubia. Turpis ut mattis adipiscing est litora lacinia ornare. </p>','Hi-tech','ellba7994','Luctus felis, torquent luctus pharetra!'),(3,0000000000,'2016-07-21 00:00:00','<p>Lorem ipsum et turpis consectetur cursus vehicula, integer nunc lectus. Lorem ipsum himenaeos sit vel imperdiet ut sociis nostra nisl. </p><p>Curabitur pharetra adipiscing accumsan elementum pretium rhoncus class pulvinar elementum habitasse mus? Gravida, sollicitudin proin feugiat convallis donec mattis lectus platea sagittis placerat eros. Cum scelerisque semper lorem vitae sapien porta himenaeos aenean ultrices, sodales sociis. </p><p>Vestibulum amet auctor vel lacus et accumsan donec arcu pretium class fringilla. Non pretium vitae tempor nisl lacus hac at, curabitur sed volutpat est. Orci cubilia pulvinar class sem ante mattis libero libero mauris maecenas dictumst. </p><p>Lorem tellus sagittis sollicitudin mollis blandit cursus ridiculus urna platea augue. Nec phasellus nisi cursus nisi nunc viverra nisl arcu justo elementum! </p><p>Nec ullamcorper arcu volutpat netus urna ad inceptos faucibus. Fringilla taciti luctus, morbi suspendisse malesuada convallis egestas class. Fermentum gravida amet morbi leo, ligula eget cras posuere. Platea fusce ornare dis ornare orci in inceptos habitant. Ornare laoreet fermentum cubilia vulputate mattis leo aliquam pellentesque. Facilisis taciti mattis vivamus nec leo nibh; commodo pretium. </p><p>Morbi parturient tortor quis penatibus ut scelerisque enim. Platea nullam pharetra dui primis id, nulla pretium. Aliquet turpis sociis mattis dictumst ultricies etiam scelerisque. Faucibus dapibus penatibus taciti cum nisl felis dapibus. </p><p>Fringilla duis neque non nulla ut facilisi odio purus molestie ridiculus. Sollicitudin tellus phasellus dis tempor ullamcorper amet orci mauris interdum taciti. </p><p>Iaculis, ultricies porta semper quam neque porta nostra nostra nulla at? Est sed conubia pulvinar eget dolor interdum etiam molestie ut eget. Est per et platea hac nulla sociosqu eleifend ipsum tempus metus! </p><p>Gravida molestie sociis duis habitant est habitant purus accumsan volutpat. Augue habitasse diam a etiam cum aenean taciti accumsan duis. Turpis leo scelerisque ornare euismod dui nulla pellentesque arcu ornare. At non ac pellentesque litora conubia adipiscing dictum mattis hac. </p><p>Lectus primis lacus quam, nisl primis platea ornare pellentesque blandit diam dis. Consectetur interdum, feugiat sem fringilla dictumst bibendum semper diam imperdiet laoreet iaculis. Mus congue eleifend id in penatibus aliquet hac vehicula amet risus pharetra! Sit morbi cursus, himenaeos at volutpat tristique ultrices a iaculis consectetur ornare. </p>','Archive','ellba7994','Class primis auctor, tempus lacus?'),(4,0000000000,'2016-08-22 00:00:00','<p>Lorem ipsum ultricies curae; metus mollis netus metus magna habitant odio. Lorem ipsum litora nisl mi habitant sollicitudin hendrerit augue arcu habitant. </p><p>Orci potenti cum platea viverra arcu platea dignissim fermentum lacus vivamus? Tempor adipiscing litora habitant primis natoque pretium volutpat velit, vivamus ante. Ornare nulla sociosqu mi laoreet sociosqu turpis, ullamcorper pulvinar sociosqu torquent. </p><p>Ut curae; enim at nascetur condimentum ullamcorper ad cursus potenti vel vehicula. Facilisis hac semper dui volutpat, est mauris vitae interdum et lobortis nisl! Lobortis semper nisi taciti mattis libero consequat class a mollis mus interdum. Scelerisque maecenas, augue tempor habitant quam tincidunt potenti purus velit ut eros. </p><p>Blandit at praesent egestas est id elit suspendisse nam penatibus gravida. Sapien laoreet luctus vel consectetur hendrerit convallis tempus consequat lobortis duis. Eleifend porttitor orci curabitur torquent nisl fames sit non lacus risus. Venenatis pulvinar eu feugiat nec arcu nibh aptent consequat aliquet volutpat. Purus, diam velit augue nunc integer hac quis praesent scelerisque justo. Varius diam suspendisse leo rhoncus pellentesque pretium diam, orci natoque eros. </p><p>Mollis luctus ultricies at, suscipit id justo molestie fermentum. Hendrerit eget enim aliquet et molestie felis ridiculus sollicitudin. Pretium potenti orci augue cursus magnis elit venenatis feugiat. Non ante dictum sociis sociis vel nisi viverra habitant. Velit, cum natoque venenatis et elementum sagittis est senectus. </p><p>Curabitur fermentum neque phasellus adipiscing dis imperdiet felis molestie sagittis. Sollicitudin sapien commodo primis laoreet dignissim primis dis tincidunt risus. Phasellus neque sem auctor donec congue vel inceptos praesent aptent. Habitant vivamus pharetra faucibus gravida urna dis bibendum tempus adipiscing. Donec dignissim sollicitudin ultricies euismod elit elit hendrerit habitasse nulla! Quis cubilia enim fames cum dui consectetur ultricies morbi arcu! </p><p>Integer hendrerit commodo mus diam sit senectus quis vestibulum ultricies sapien inceptos. Tortor quisque habitant cras tempor conubia fames arcu bibendum eros vestibulum fringilla. </p><p>Mollis eros gravida tellus torquent tristique, nisl lacus. Cursus nisl hac cubilia velit inceptos dui et. Himenaeos convallis accumsan lacus maecenas ornare mollis dictumst. Nibh blandit platea inceptos viverra mattis felis nec! </p><p>Ante aliquam, vitae sapien condimentum fames nec viverra. Scelerisque pretium et sociis gravida lacus velit montes. Eleifend netus consectetur nibh; libero inceptos maecenas aliquam? Neque tincidunt lacinia malesuada, fames ultrices ante mi. </p><p>Cras class rhoncus facilisi pretium cubilia, non libero lobortis auctor. Convallis sollicitudin vel blandit sem vitae porttitor magnis torquent vestibulum. In varius quam integer quisque primis habitasse ultrices netus cras? Orci natoque eros ac morbi cubilia ipsum sem integer curae;. Hendrerit sem vivamus bibendum nulla, consequat vitae molestie feugiat eros. Per placerat consectetur lacus sodales vestibulum inceptos iaculis; fermentum magnis. </p>','Archive','ellba7994','Porta condimentum augue, cursus et?'),(5,0000000000,'2016-01-04 00:00:00','<p>Lorem ipsum dui pellentesque curabitur dis tempor lacinia vulputate venenatis velit primis pellentesque porttitor. Lorem ipsum nisi condimentum massa nec dignissim ullamcorper risus sed consectetur accumsan montes consequat. Lorem ipsum molestie natoque faucibus placerat odio ante posuere vestibulum placerat massa penatibus primis? Lorem ipsum per nam, molestie penatibus orci nascetur ultricies nisi quisque congue nulla sodales. Lorem ipsum natoque vehicula mus dictumst tellus dis nibh tincidunt eros volutpat massa mi! Lorem ipsum fringilla, per tempor platea per mollis porta neque nulla nulla magnis sapien. </p><p>Lacus cursus porta feugiat nisl cum, fusce duis. Vestibulum, varius nunc quis diam cum facilisi scelerisque. Commodo sit, tincidunt litora proin nam sollicitudin rhoncus. </p><p>Orci nec duis orci cras duis habitant justo potenti, convallis porta molestie. Quam lobortis iaculis sed ullamcorper vivamus laoreet magna donec aenean tincidunt fusce? Habitasse suspendisse senectus venenatis ullamcorper nostra vulputate odio natoque auctor nec libero. Torquent nam quisque metus inceptos metus vivamus quis aenean suspendisse lectus vitae. Per natoque facilisis neque per consectetur pellentesque montes habitant lacinia rhoncus venenatis! Tellus cum consequat mus a porta dignissim massa consequat orci eleifend imperdiet? </p><p>Faucibus purus praesent accumsan nisl diam nisl nisi montes faucibus. Primis arcu egestas netus dui arcu class integer sociosqu sed. Id taciti blandit cras proin est, sociosqu magna dapibus fringilla. Urna elit mattis congue in, libero tortor dapibus arcu cubilia. Non vitae eu lacinia potenti torquent faucibus arcu cras varius! Litora sodales posuere hendrerit massa cum justo volutpat habitasse sodales? </p><p>Commodo fusce placerat diam mi velit nulla, duis nunc dui scelerisque. Et dignissim vel dis facilisi quisque ultrices sagittis, nisl ultrices nam. Ipsum porta dictumst venenatis elementum consequat morbi nibh odio leo at. </p><p>Hac ultricies potenti non ligula habitasse vivamus condimentum! Pharetra nibh aptent sapien aliquet ante nisi morbi. Himenaeos mauris erat convallis cursus senectus molestie suscipit! Elementum mauris diam arcu consectetur lorem semper lectus. Ad ac bibendum nibh primis dictum ligula lacinia. Penatibus felis magnis enim mauris urna, venenatis eget. </p><p>Scelerisque habitasse, cubilia justo tellus pretium est justo! Vulputate est suscipit felis viverra sollicitudin libero venenatis. Himenaeos arcu, conubia dapibus dignissim sit aliquam suscipit. Non vestibulum, feugiat gravida accumsan sapien non natoque. Mus dapibus, eleifend donec cursus mus placerat eu. Ad sodales platea nam potenti bibendum rhoncus est. </p><p>Congue mollis luctus suscipit condimentum ullamcorper nunc vel nec cubilia. Egestas ullamcorper primis lacus netus mauris morbi fames a nec. Proin ipsum ridiculus eros sagittis convallis nulla consequat platea aliquet! Imperdiet nisl integer congue purus habitant elementum felis congue vestibulum. Nisi euismod erat, vestibulum mus purus sem metus himenaeos etiam. </p><p>Pulvinar blandit nunc, erat pretium molestie nulla nostra netus blandit. Aptent litora odio aptent facilisi pellentesque nibh pulvinar nunc class. Id ligula potenti imperdiet pharetra posuere magna cubilia et netus. Neque luctus dui lacus feugiat nisi posuere, facilisis vel pharetra? Eleifend convallis torquent taciti metus ac vivamus blandit consequat interdum. </p><p>Cum vehicula donec taciti dolor penatibus tincidunt felis tempor. Laoreet libero ut tellus mauris natoque ac ultricies nisl. Porttitor erat urna sodales posuere nam at primis enim. Lobortis dolor inceptos at non montes cubilia felis cubilia. Pretium tristique enim maecenas amet venenatis porttitor quam enim. </p>','University','ellba7994','Convallis, rutrum posuere tristique litora.'),(6,0000000000,'2015-08-07 00:00:00','<p>Lorem ipsum adipiscing tellus nisi ornare placerat fermentum rutrum quam duis interdum. Lorem ipsum dictum est vel nostra curae; laoreet vulputate nullam felis luctus. Lorem ipsum enim eros est hac at mattis ac montes vitae per. Lorem ipsum nec ornare hac aliquet fames aliquet arcu cursus lorem nisi? Lorem ipsum nullam justo placerat purus commodo parturient eget eget aenean diam. Lorem ipsum sociosqu nullam volutpat morbi platea nunc fusce metus sodales sem. </p><p>Malesuada natoque parturient quam ac adipiscing ante libero aliquam ridiculus. Blandit elementum eros rutrum curabitur est vivamus natoque vestibulum metus. Eros vitae massa elementum natoque orci integer dignissim vulputate neque. Luctus auctor eget auctor dis, cursus amet magnis bibendum quis. Porttitor lorem magnis sem sagittis aptent tellus adipiscing mattis suscipit. </p><p>Eros litora rutrum facilisis, morbi porttitor sem ornare cursus hac posuere. Ut lobortis at erat viverra class placerat diam vivamus per rutrum. Mollis maecenas felis rhoncus lacinia egestas curabitur morbi ante orci potenti. </p><p>Nullam non urna platea vitae montes blandit felis rutrum. Nibh ullamcorper eleifend congue metus luctus molestie sagittis feugiat. Vulputate pretium nibh cubilia nibh molestie sagittis sollicitudin nisl! Neque aliquet interdum ultricies inceptos nec laoreet eu vulputate. Sem, lobortis dolor mattis bibendum montes adipiscing accumsan dis. Neque orci lectus inceptos pellentesque eu vel imperdiet lacus. </p><p>Magna ullamcorper praesent tristique etiam ullamcorper lacinia habitant gravida est. Morbi fusce curae; himenaeos sed taciti potenti, potenti vel sagittis. Sollicitudin lacus inceptos vel consectetur est morbi taciti vehicula imperdiet. </p><p>Donec, cubilia gravida faucibus ipsum urna fermentum vitae vestibulum vehicula. Dignissim, mi tempor vehicula nulla mauris tempor sodales molestie id. Sem justo nascetur sociis risus primis eu himenaeos pharetra a. Nascetur eu tellus metus nostra diam sollicitudin integer interdum mus. Pretium rutrum volutpat proin potenti sit enim rhoncus sit etiam. Auctor rutrum lectus, vulputate porta nec tempor mauris netus et. </p><p>Nostra nulla mi risus eu duis accumsan ac facilisi ut interdum facilisi. Fames mauris habitasse risus; et fermentum euismod ullamcorper commodo a parturient at. Porta sollicitudin tincidunt cum curae; porta senectus torquent fames, tincidunt dictumst lectus. Montes lectus volutpat luctus taciti eros suscipit dictum nunc ornare duis mi. Id aenean dui leo mollis torquent nam himenaeos porta; urna in nec! Inceptos quis ridiculus conubia himenaeos libero interdum dictum rhoncus faucibus maecenas nisi. </p><p>Rutrum vestibulum amet magnis at imperdiet parturient odio, dapibus diam mi. Habitant feugiat potenti tortor venenatis euismod a malesuada curabitur egestas class! Elementum fusce pellentesque fusce quis, in et imperdiet consectetur fermentum arcu. Quisque integer posuere diam ligula porta eget nisi potenti molestie orci. </p><p>Tempus habitasse malesuada ac morbi orci nunc massa scelerisque lacinia et dictumst. Feugiat, lectus lorem facilisis penatibus magnis hendrerit sem dignissim nisl posuere mollis. Turpis nibh cum sagittis pellentesque eu orci nam ante pulvinar interdum volutpat. Iaculis netus rhoncus aptent justo quis integer imperdiet parturient quam venenatis bibendum. Class platea massa ullamcorper natoque augue augue purus pellentesque hendrerit nunc potenti. </p><p>Phasellus risus ante senectus tristique pulvinar porta quis laoreet vehicula. Elementum interdum eleifend, elementum gravida congue bibendum vel nam convallis. Luctus tempor natoque est dui risus consectetur, sociosqu a nisi. Ac sed commodo sociosqu curae; tempor nullam nascetur sodales ornare. Nam duis senectus convallis enim dignissim mattis, blandit inceptos parturient. Adipiscing tincidunt justo neque integer phasellus bibendum ut tempus eleifend. </p>','Hi-tech','ellba7994','Nascetur auctor tempor molestie curae;.'),(7,0000000000,'2015-05-29 00:00:00','<p>Lorem ipsum sociis litora litora curae; nulla quam blandit gravida sagittis gravida! Lorem ipsum eu duis venenatis quisque sociis praesent semper suspendisse habitant imperdiet. </p><p>Neque porttitor urna sed imperdiet interdum est neque commodo. Aenean quam ornare interdum ultrices hac sociosqu congue in? Adipiscing aenean id cubilia interdum pellentesque est velit potenti. Turpis cum leo lacinia pharetra fusce felis, molestie diam. Vulputate fringilla commodo mollis suspendisse odio sollicitudin nisl torquent. Proin ultricies placerat, fermentum auctor vivamus molestie leo ornare. </p><p>Volutpat, vitae dis blandit taciti dictum dapibus netus conubia sem primis. Porttitor porta proin purus nullam aliquet dictum class duis adipiscing magnis. Dictumst dui felis dignissim malesuada ut euismod ridiculus parturient hendrerit velit. Dis dictum amet nisl, rutrum sollicitudin nascetur nullam egestas sapien ligula. </p><p>Litora lacinia iaculis in, quam lobortis primis nunc. Molestie nostra adipiscing non blandit imperdiet nisl potenti? Congue habitant habitasse lobortis fringilla dignissim nunc mollis. Maecenas vehicula enim, cubilia magnis facilisis elementum velit. Viverra id dis imperdiet at est cras vehicula. Lobortis et risus velit vivamus euismod interdum non. </p><p>Eu quis vel semper fames tellus, turpis sed dictumst netus. Curabitur volutpat hendrerit venenatis adipiscing fermentum posuere litora scelerisque sodales. Ac proin ante dis praesent inceptos, integer vitae phasellus dignissim! Mattis parturient luctus sagittis facilisis duis mi et nam nibh. Posuere velit a sodales a in ut platea augue elit. Turpis nam hac fusce sodales consequat euismod curae; mattis mus. </p><p>Aptent ad aliquam ligula nibh mattis ridiculus quisque parturient duis. Quis consectetur nibh gravida class interdum sem accumsan augue tincidunt. Proin diam mus imperdiet lacinia phasellus nisi habitasse varius natoque. A nam porttitor cras convallis ac sit lorem hendrerit etiam. Convallis rutrum ante quam lacinia enim maecenas donec tristique ligula. Sollicitudin posuere id nisl natoque nunc penatibus, blandit aliquet vivamus. </p><p>Iaculis sodales auctor ac taciti conubia fringilla parturient nisi. Ut, pretium et massa nam rhoncus erat curae; a! Ultrices urna integer nam malesuada gravida nulla sociis egestas. Sociosqu sapien nulla dis aenean auctor est ut volutpat. Eu fusce placerat sociosqu risus curae;, rhoncus lectus nascetur. </p><p>Sapien, quis pulvinar felis massa iaculis cursus mauris. Augue a scelerisque himenaeos posuere morbi non dui. Etiam sem malesuada nam urna ante urna libero. Hendrerit mi lorem velit senectus dictum ultricies duis. Condimentum litora montes quam himenaeos neque netus lobortis. Morbi cum, urna tristique primis conubia hac viverra. </p><p>Aptent ultrices est accumsan nullam rutrum vivamus duis nec himenaeos tincidunt! Eleifend nulla fermentum dictumst laoreet leo magnis turpis lectus ultrices cubilia. Vel proin massa cras dolor gravida commodo curabitur sit cursus molestie. Egestas urna platea nullam dictum dapibus et phasellus erat potenti bibendum. Curae; conubia platea fringilla consectetur sociosqu urna cum eleifend massa odio. Penatibus non lacinia pulvinar massa integer pharetra aliquet dis sodales leo. </p><p>At cum etiam quisque dis duis elit mollis. Inceptos tristique tristique amet taciti elementum litora a. </p>','University','ellba7994','Porta gravida nunc curae; nec.'),(8,0000000000,'2014-08-28 00:00:00','<p>Lorem ipsum velit sociis tempor per nostra facilisi vivamus nisl, orci volutpat erat. Lorem ipsum scelerisque sollicitudin iaculis varius diam ipsum senectus, felis praesent eros tortor. Lorem ipsum lacus litora ultrices eget malesuada eleifend, litora diam volutpat vel convallis. </p><p>Blandit mauris natoque sagittis proin at iaculis ridiculus pulvinar iaculis! Arcu duis sollicitudin vitae accumsan, commodo vitae duis integer primis! Libero duis varius natoque mi est ad vulputate feugiat mus. </p><p>Metus non consectetur malesuada nisi hac pretium congue lobortis. Facilisis metus ligula ultrices ut leo pharetra pulvinar fringilla. </p><p>Vulputate nam ad ultrices dignissim ac mollis metus blandit eu. Neque etiam fusce per dignissim nunc auctor nam dictumst elit? </p><p>Nullam odio nullam inceptos ut eget quis, ac rhoncus vestibulum. Etiam massa scelerisque tincidunt, turpis sed sit magna sollicitudin habitasse. Vitae mattis natoque ullamcorper nullam tristique venenatis ligula eros rhoncus. Diam sem aliquet pretium at enim habitasse accumsan himenaeos sollicitudin. </p><p>Faucibus class ante integer viverra potenti erat vel. Phasellus nullam mollis; id purus risus sapien penatibus! Non dolor imperdiet pulvinar eros conubia ipsum euismod. Laoreet nam diam porta fusce auctor viverra tortor! </p><p>Venenatis, mollis ac odio per id habitasse convallis fringilla. Curae; commodo adipiscing taciti magna arcu tempor maecenas aenean. Nec dictumst ornare class nibh sed risus sodales maecenas. Nulla interdum rutrum parturient arcu ultrices ullamcorper euismod nulla. Accumsan lectus nunc fusce convallis, primis blandit justo fermentum. </p><p>Ultricies dolor nascetur nullam erat eu sit proin est iaculis nulla mollis. Faucibus cubilia feugiat egestas bibendum amet commodo vulputate malesuada maecenas maecenas maecenas. Praesent eleifend nisl per turpis tincidunt massa pretium donec luctus phasellus accumsan. Conubia potenti dictumst egestas, quis ridiculus blandit sociis dictum magna ipsum viverra. </p><p>Ridiculus massa donec, erat convallis iaculis euismod habitasse urna quisque platea pellentesque. Donec cum felis ridiculus inceptos nostra fermentum scelerisque habitasse pulvinar luctus sed. Netus eros platea etiam nunc nisi malesuada suspendisse rhoncus risus volutpat netus. Magnis facilisis consequat ut viverra volutpat laoreet nascetur mattis, litora integer blandit. Sagittis porttitor turpis egestas cras nullam gravida mi duis nunc sed facilisis. Accumsan porttitor potenti dui per sit ultrices, orci turpis id cursus senectus. </p><p>Dictumst sociosqu posuere augue eget platea tempor morbi turpis consequat lobortis. Torquent facilisi aliquam congue netus luctus urna litora ridiculus volutpat bibendum! Molestie enim quam velit ad imperdiet posuere aliquet volutpat, vulputate bibendum. Scelerisque venenatis dictumst per cubilia lorem lobortis lacinia ipsum curae; vel. Placerat magnis lobortis luctus aliquam nam in lorem nisl semper eget. Felis lacinia maecenas cubilia tristique tristique habitasse nisi rutrum leo vehicula. </p>','Uncategorized','ellba7994','Adipiscing rutrum amet eleifend donec.'),(9,0000000000,'2016-06-23 00:00:00','<p>Lorem ipsum pellentesque libero facilisi sapien erat aliquet dolor mollis ornare orci porta diam. Lorem ipsum est mus nascetur eros morbi egestas fermentum tellus dui porttitor malesuada netus! </p><p>Ad vivamus auctor potenti quam quisque urna justo taciti dignissim porttitor! Condimentum ultricies lorem euismod ac sociis rutrum nunc augue ac consectetur? Ullamcorper sodales proin aenean volutpat mattis elit consequat neque convallis vulputate. Sodales viverra orci tristique purus suscipit lobortis sit augue ante diam. Adipiscing massa condimentum inceptos pellentesque dictumst sociosqu curae; sem laoreet felis! </p><p>Proin viverra hac nascetur blandit fermentum nostra vitae est facilisi aenean nam. Facilisis pharetra integer hendrerit eros varius dapibus fusce tristique morbi cursus quisque. Aliquam quam consequat vestibulum auctor ad hendrerit hendrerit in fringilla mollis natoque! Luctus eleifend consequat sem netus conubia aliquet imperdiet eleifend est viverra curabitur. Vestibulum inceptos condimentum metus tellus interdum cum ac curae; tincidunt torquent sollicitudin. Porttitor volutpat elit sollicitudin metus aptent lacus sit cubilia; nisi luctus vulputate. </p><p>In auctor pretium suspendisse ridiculus turpis praesent sociis, placerat elementum felis ligula. Donec porta curabitur rhoncus non montes per, fringilla odio mauris scelerisque venenatis? Rhoncus ultricies nostra metus penatibus mollis ipsum non dolor magnis, dignissim vivamus. Hendrerit augue tristique montes egestas proin dapibus nulla aptent natoque sapien rhoncus. Libero fringilla cubilia venenatis nostra magnis consectetur porta parturient netus cubilia nostra. </p><p>Ut mollis bibendum sed platea ac lobortis scelerisque feugiat. Augue consectetur nunc tellus maecenas morbi viverra cursus nullam. Fermentum facilisis velit bibendum nam ligula auctor sodales curabitur. Dis enim sem enim consectetur sollicitudin tortor lectus praesent? Consequat dui himenaeos porta tristique donec nullam dictum lobortis. Neque a sociosqu lorem varius egestas ultricies, orci blandit. </p><p>Felis nunc nullam orci litora commodo dolor nec condimentum lorem integer conubia. Ac penatibus vulputate facilisi mauris vulputate integer ullamcorper interdum imperdiet ornare quis. Tincidunt nec quam augue quisque, purus elit commodo fermentum mi habitasse purus. Amet penatibus pulvinar maecenas consectetur consequat tempus cras accumsan ultrices dolor interdum. </p><p>Lectus inceptos volutpat nascetur arcu elit nibh faucibus sociis pulvinar facilisis etiam. Tristique tortor dictum lorem erat hendrerit quam netus parturient arcu fermentum condimentum. Ullamcorper euismod aenean sit luctus taciti erat morbi venenatis commodo senectus lorem. Taciti eros lacinia congue metus habitasse aliquet massa aptent tempor bibendum velit. Ligula per molestie rutrum placerat primis taciti porta lobortis cras risus dictum. Lorem massa arcu iaculis congue viverra montes parturient at pulvinar, dis vivamus. </p><p>A sem habitant facilisi nec praesent tempus dui euismod per. Curabitur proin, sociis commodo nibh cursus dui sodales suspendisse luctus. Magna conubia consequat nisi nulla tempor curae; mattis nisi donec. Nunc amet rutrum vivamus interdum dui sociosqu ultrices cursus ac! Sit sem nostra vel amet sagittis aptent dis sollicitudin et! </p><p>Velit, cras ac curae; egestas placerat sapien praesent! Fermentum sollicitudin elementum tincidunt turpis nullam ultrices pharetra. Arcu curae; vestibulum vivamus faucibus sagittis ad dolor. Tortor dictum nisi nunc porta enim nostra quam. Erat cursus, eget quis dictumst praesent quam gravida. </p><p>Rutrum morbi adipiscing tempus amet arcu varius habitant dis porta! Ridiculus arcu hac ac volutpat accumsan magnis orci bibendum ridiculus. Dui non lobortis arcu massa felis augue etiam magnis mi. Enim platea sapien tempor magnis laoreet dignissim posuere aptent dis. Ornare et ligula imperdiet ac, integer montes a mollis congue. Dui congue tincidunt sodales pellentesque pellentesque vestibulum facilisi commodo quis. </p>','Fun','ellba7994','Porta viverra dui sed. Ligula.'),(10,0000000000,'2015-11-14 00:00:00','<p>Lorem ipsum enim lorem porta fames sem aliquet suspendisse taciti mollis. Lorem ipsum pharetra posuere dapibus tellus hac enim vel quisque nascetur. Lorem ipsum parturient molestie amet tempus felis tempus rutrum, urna platea. </p><p>Euismod habitant ullamcorper placerat non ac adipiscing tristique tempus amet blandit. Amet magna fames vivamus cubilia, enim curabitur taciti est ante fames! Cras ipsum fermentum neque cras duis facilisis taciti praesent maecenas mi. Mollis malesuada lobortis eu dis taciti aenean per ligula nisl sociosqu! </p><p>Iaculis volutpat porta congue tristique habitasse morbi aliquam vel interdum class! Erat luctus ad, semper tempor sodales quis mauris tristique consectetur pretium. Tortor inceptos suspendisse condimentum neque scelerisque a sed donec et orci. </p><p>Quis adipiscing, elit hac gravida mus phasellus suscipit tempus. Sit risus lacinia ad consectetur velit elit enim litora. </p><p>Lectus nascetur suspendisse diam dapibus morbi vel mus fusce hendrerit penatibus? Pharetra iaculis sem gravida amet nunc pulvinar facilisi conubia elit nibh. Quis malesuada dui a phasellus neque maecenas in tempor ligula eros. Primis laoreet sagittis feugiat arcu venenatis eget, accumsan egestas class varius. Nisl aliquam conubia parturient egestas leo urna eleifend sem congue fusce. Taciti fermentum varius taciti natoque egestas ridiculus mollis torquent placerat auctor! </p><p>Id dictum tellus imperdiet nostra sociosqu ac potenti hac mollis inceptos odio. Volutpat fringilla inceptos ridiculus justo commodo volutpat purus lectus convallis malesuada nam. Semper leo, neque massa fringilla imperdiet nunc suspendisse eros amet maecenas vel. </p><p>Lobortis consequat neque ridiculus rutrum mauris in pellentesque porta accumsan. Nisi suscipit nisl semper viverra neque tristique faucibus taciti gravida. Vulputate commodo nam, dis cras scelerisque lobortis erat integer eu. Libero tempus, gravida potenti curae; sit tortor tincidunt molestie quisque. </p><p>Aliquet facilisis dignissim massa luctus potenti litora rhoncus feugiat potenti rhoncus tortor. Justo quis pretium, est dictumst nascetur cubilia nibh dolor et suscipit litora. Lacus sapien id nostra facilisis pulvinar etiam vestibulum penatibus ullamcorper litora nisi. Auctor felis porttitor convallis aliquam quam molestie mauris quam felis molestie condimentum. </p><p>Semper magna malesuada dapibus egestas netus pharetra aliquet. Suspendisse elementum curabitur sollicitudin feugiat, mauris et maecenas? </p><p>Sit elit lacus duis nam ac conubia litora. Accumsan molestie fusce vel aliquet hendrerit nisi semper. Convallis ornare euismod mi mi praesent erat dis. Tempor tristique fames leo, proin consequat quam adipiscing. </p>','Archive','ellba7994','Luctus ipsum velit vitae commodo.'),(11,0000000000,'2015-02-01 00:00:00','<p>Lorem ipsum rutrum ridiculus dapibus quisque vivamus, cursus ullamcorper tincidunt posuere bibendum aptent amet. Lorem ipsum hac ligula tellus lobortis accumsan torquent dignissim vestibulum tortor blandit vulputate praesent. Lorem ipsum montes inceptos ad enim, tempor placerat lacus himenaeos ad facilisi cubilia malesuada. Lorem ipsum dolor eros condimentum rutrum; consectetur ullamcorper cum porttitor habitasse libero orci dapibus. </p><p>Facilisis vitae fusce morbi montes litora tellus lorem potenti tempor class tincidunt? Sagittis augue ridiculus, eleifend cubilia curae; taciti ligula semper ipsum euismod risus. </p><p>Morbi ultricies nec aliquet fermentum justo lacus cursus facilisis volutpat tempus. Fermentum purus, eget varius maecenas condimentum lorem quis pretium tempus sagittis. Tempor iaculis mi parturient fringilla mauris laoreet fringilla venenatis augue quam. </p><p>Nostra sociosqu nibh aptent non scelerisque vulputate vehicula egestas neque velit. Facilisi suscipit ornare lectus nascetur quis porttitor purus ante mattis habitasse. Ipsum inceptos libero in convallis gravida mollis sem felis justo facilisis. Nostra proin eu fringilla id ultrices massa massa ultricies nostra rutrum? Faucibus convallis fames eu nisl faucibus, et aenean mi non viverra. Quisque fames interdum himenaeos litora hendrerit tempus faucibus auctor scelerisque aliquam! </p><p>Tempor, dictumst mi praesent hendrerit sodales montes sociosqu viverra. Magnis est vehicula urna justo laoreet condimentum eget ad. </p><p>Venenatis nisl praesent, sed cubilia orci fermentum etiam gravida. Donec suspendisse magnis tempus mollis arcu posuere fringilla proin? Rhoncus torquent pulvinar sodales ornare curabitur nullam nec enim. </p><p>Sit justo primis aliquam auctor magna dictum pulvinar magna lacinia euismod primis. Tellus sagittis metus integer accumsan mattis sit mattis urna auctor interdum imperdiet. Suscipit, gravida hendrerit suspendisse laoreet fringilla fames rutrum leo arcu facilisi est. Sapien sociosqu facilisi quis quis dictum aptent ut fringilla, et tristique sapien. </p><p>Sem tincidunt magna semper lacus conubia primis aptent nam primis neque. Sed magna mattis porta cursus sociis nam iaculis consequat consectetur habitant. Sit vivamus dolor curabitur mi inceptos suspendisse vivamus nam dictum malesuada. Duis erat curae; commodo mi quisque orci quam tempor, euismod tellus. </p><p>Ultricies eleifend per curae; convallis suspendisse nulla cum tempor. Lobortis parturient sollicitudin ridiculus habitasse hac adipiscing ultrices volutpat. </p><p>Tristique rhoncus magna cum amet parturient habitasse, vehicula ornare blandit. Quisque inceptos arcu porta luctus nullam ac duis mauris potenti? Dolor curae; pellentesque semper iaculis quam viverra ullamcorper sapien nunc? Egestas sollicitudin justo sed sed a mus sociis vulputate mus? Cras senectus semper leo potenti congue metus dictum massa fermentum. Enim luctus vulputate primis augue pulvinar suspendisse netus, eleifend per. </p>','Fun','brispere5876','Porttitor vehicula ullamcorper, iaculis ultricies.'),(12,0000000000,'2016-11-03 00:00:00','<p>Lorem ipsum lorem tincidunt tempor per mus hac nullam tellus phasellus condimentum. Lorem ipsum facilisi dictumst phasellus luctus curae; luctus sollicitudin porta iaculis posuere. Lorem ipsum et nostra aliquet ac in sociosqu mollis dapibus sodales nascetur? Lorem ipsum ipsum ante vitae magna pharetra suspendisse cubilia tellus, eget fringilla. Lorem ipsum leo metus sagittis rutrum inceptos nibh potenti mauris aenean vitae. </p><p>Est aenean per montes euismod dictum velit vestibulum. Dignissim conubia blandit lectus phasellus sollicitudin iaculis faucibus. Aptent, quis commodo mi cubilia quisque mi felis. </p><p>Habitasse non mi placerat dapibus rutrum nascetur vehicula ut. Sagittis senectus etiam augue a lacus sem venenatis hac. Tempor lobortis nullam rutrum quis parturient quisque condimentum diam. Iaculis sagittis magna litora, urna tellus magnis dis porttitor. </p><p>Per a per a sagittis sem taciti litora molestie proin egestas placerat. Class dolor mauris ligula ridiculus eleifend molestie rhoncus senectus a imperdiet porta. Ridiculus habitant eros, ullamcorper augue parturient parturient sapien placerat pellentesque ullamcorper parturient? Conubia ullamcorper ultrices lacinia risus pellentesque torquent cursus fringilla sociis mattis praesent. Hendrerit erat eu lobortis ante nulla convallis class quis ad eu conubia! </p><p>Felis interdum auctor rutrum dictum amet facilisi eu suspendisse auctor. Quisque eu natoque amet justo, auctor primis lacus penatibus vulputate. Velit purus tempus ipsum lorem fermentum ornare tristique gravida praesent. Congue arcu aenean vulputate sagittis morbi sapien amet litora libero. Taciti enim dictumst mollis per varius fermentum vel ultrices vivamus? Per sem ullamcorper diam scelerisque aenean tempor tellus libero neque. </p><p>Ornare et, malesuada euismod enim platea ut blandit massa feugiat sodales. Tortor fusce etiam proin convallis nascetur tellus augue, vivamus mattis imperdiet? Cursus nam sapien porttitor nibh massa sem dapibus quis interdum magna. </p><p>Lacinia duis bibendum ultrices, taciti tincidunt proin montes egestas. Non facilisis netus gravida lobortis euismod ullamcorper integer inceptos! Nascetur vel velit penatibus vivamus eleifend dictum, egestas eu! Placerat; sit per venenatis pharetra ornare integer varius per! </p><p>Magna per litora taciti id habitant suscipit vehicula ad mi. Mi morbi pulvinar per felis leo amet consequat aliquam litora. Morbi inceptos duis ultricies viverra, facilisis adipiscing porta curabitur lobortis! Cum vel interdum vehicula class parturient vulputate diam dolor donec. In quis iaculis augue velit massa nunc lobortis ullamcorper sapien. Integer taciti arcu rutrum nisi dapibus et class integer eleifend. </p><p>Orci pellentesque hendrerit nisi ante molestie vel porttitor. Tortor lacus orci natoque eu pretium condimentum tellus. Lorem et suspendisse eget sapien nisl ridiculus luctus. Porta commodo magna senectus nec himenaeos fusce porttitor. Placerat augue arcu praesent nec phasellus iaculis tempor? </p><p>Amet purus tincidunt amet inceptos vulputate curabitur ad faucibus. Blandit vitae nascetur lectus blandit non massa cum conubia. Leo et tortor fusce ultricies malesuada cubilia velit in. Porttitor faucibus lobortis, ligula lorem auctor cum primis massa. </p>','Archive','brispere5876','Ante vivamus cras viverra. Sociis.'),(13,0000000000,'2015-10-10 00:00:00','<p>Lorem ipsum odio sodales sem convallis habitant leo neque potenti luctus nunc massa malesuada. Lorem ipsum cum tincidunt nulla mi magna vitae inceptos nascetur enim donec sociis erat. Lorem ipsum primis sapien vestibulum lacinia congue sit viverra potenti eros hendrerit sit sed! Lorem ipsum torquent montes vulputate lobortis congue massa sapien sollicitudin quisque, integer lacinia netus. Lorem ipsum nunc sollicitudin viverra sociis fames non posuere malesuada mi sem curae; est. Lorem ipsum congue habitant ut, venenatis gravida sollicitudin est praesent primis nullam non dictumst. </p><p>Potenti curabitur tempor mattis nascetur augue convallis netus pellentesque. Primis purus dis turpis massa morbi eros eros neque. Dictumst aenean amet vulputate suspendisse etiam parturient placerat posuere. </p><p>Rhoncus dignissim quam dui lacus habitasse habitasse massa. Facilisis sodales proin sociis lorem aliquet eu maecenas. </p><p>Parturient rhoncus cursus consectetur adipiscing leo senectus potenti nullam urna euismod condimentum. Aliquet fames iaculis nam convallis eleifend adipiscing magna felis odio eu tellus. Semper in laoreet lacinia torquent ligula aptent faucibus congue morbi dis leo. Arcu adipiscing commodo commodo porttitor fringilla sem lectus nostra eros sagittis feugiat! Habitant feugiat luctus taciti fusce leo sociosqu placerat magna rhoncus mi gravida. Auctor pharetra dapibus fames morbi vivamus ornare hac ullamcorper urna aliquet non? </p><p>Arcu pretium posuere cursus morbi habitant vehicula facilisis per! Phasellus nec auctor vitae interdum proin suscipit rutrum suscipit. Penatibus nascetur dolor nostra sollicitudin varius cum vel aptent. </p><p>Eros amet tellus porta nibh imperdiet natoque libero sociis vel. Malesuada magnis porttitor fringilla venenatis lacus venenatis curae; cubilia placerat. Litora pharetra sodales ipsum phasellus nascetur neque ultricies tortor nam. Gravida pharetra fusce iaculis curae; nisi nascetur etiam at rutrum. Euismod commodo, proin eu montes libero metus turpis hac facilisi. Ligula, dis parturient urna netus dictum leo facilisi condimentum posuere. </p><p>Quis integer condimentum senectus euismod rutrum eu erat natoque! Consectetur nisl eros pretium ultrices tincidunt ipsum libero tincidunt? Per et aliquam cubilia ullamcorper faucibus odio facilisis nullam. Nam facilisis sollicitudin congue diam ipsum molestie laoreet nullam. Magnis dictumst tristique posuere fermentum nec, non ad gravida. Laoreet vehicula nam mi blandit vel cras arcu vulputate. </p><p>Dis vestibulum nisl sollicitudin facilisi enim nunc congue vivamus nam. Justo pellentesque, vitae conubia cursus ultrices imperdiet dolor lacinia eros. Convallis sed iaculis aenean nibh ornare, fames dui commodo diam. Posuere libero sed mus auctor suspendisse fames enim enim bibendum? </p><p>Dui at leo viverra vitae ipsum donec, malesuada natoque vulputate vitae. Amet placerat nibh tincidunt egestas integer habitasse magnis aliquet, sit ultrices. Fames rutrum tempus ut cursus velit pellentesque hac consequat a fermentum! Montes nunc dictumst magna donec proin ultricies ridiculus feugiat etiam lacus. Himenaeos sit tristique dapibus potenti fusce imperdiet tellus amet sapien nulla. Primis interdum himenaeos amet lorem at arcu felis et dis arcu! </p><p>Phasellus eget natoque montes nisi nullam ut dui. Dapibus lectus nostra per nulla condimentum dignissim pretium? </p>','Hi-tech','ashlr8014','Netus parturient neque dis iaculis.'),(14,0000000000,'2014-04-04 00:00:00','<p>Lorem ipsum pulvinar et euismod, metus tincidunt venenatis aptent facilisis. Lorem ipsum pretium nascetur semper varius semper class, ut felis. Lorem ipsum consectetur dui semper habitant vestibulum purus scelerisque porta. </p><p>Ad leo ad dapibus faucibus ut platea quam duis eleifend inceptos. Nam vel ac nostra consequat nisl montes curae; turpis, curabitur posuere. Est at class ut ultricies dis mus facilisi nullam senectus ipsum. Per quis conubia ridiculus semper quam mollis eu placerat vestibulum hendrerit. </p><p>Ut feugiat malesuada condimentum nam elit tempus eleifend imperdiet. Vel molestie eget iaculis quam sit facilisi egestas magnis. Leo tristique consequat cursus lobortis taciti donec ullamcorper aliquet. Dui nam per vehicula gravida at velit a tristique. Etiam congue sociosqu adipiscing tempor nam lacus pretium in. </p><p>Accumsan viverra facilisis platea diam turpis pharetra dignissim aliquam nisi venenatis! Quis facilisi habitant blandit bibendum cursus cras mauris etiam consequat lobortis. Nunc porttitor justo nulla netus sociis ultricies pharetra tristique proin condimentum. Ipsum parturient ornare interdum pharetra at dignissim eleifend fames natoque donec. </p><p>Rutrum imperdiet pellentesque et odio porttitor nam adipiscing etiam. Elit turpis eros pharetra habitasse dui condimentum metus consectetur. Dapibus primis aliquam integer, porttitor phasellus eleifend dignissim tempus. </p><p>Congue orci odio vestibulum varius ipsum elementum potenti. Elementum tellus ridiculus dignissim porttitor venenatis ipsum sollicitudin. </p><p>Senectus eleifend ligula sodales sociis fusce faucibus dictum semper. Porttitor vivamus aenean maecenas consectetur dui tempus mattis taciti. Inceptos adipiscing diam habitant morbi odio posuere praesent pretium. Leo vivamus ac hendrerit montes sociosqu ullamcorper bibendum eros. Pharetra neque praesent rhoncus urna eros elit ligula molestie. Leo aptent taciti ad ridiculus viverra facilisis adipiscing vestibulum. </p><p>Quam maecenas libero magna ridiculus platea magnis volutpat nascetur integer semper suscipit. Sagittis metus senectus sociis nascetur faucibus aptent primis lorem dolor, purus viverra. Ac elementum est, magnis sit aenean orci malesuada dolor vestibulum purus enim. </p><p>Phasellus euismod leo sem sapien nunc dui ligula pharetra parturient. Senectus congue laoreet curae; cursus potenti sit sem sodales et. Aliquam tristique nostra et libero magna torquent vestibulum feugiat magnis. Dictumst velit cubilia orci senectus sem nulla aliquet congue aliquam! Dictumst accumsan feugiat pretium velit commodo cras nec porta quis! Augue gravida bibendum sollicitudin consequat venenatis quis curabitur torquent consectetur. </p><p>Felis tortor suscipit sed penatibus sociosqu viverra sociosqu litora nec mauris. Nam sapien suscipit porta tristique, euismod sem dui pharetra dictumst dapibus. </p>','University','ashlr8014','Massa dui libero nascetur, a.'),(15,0000000000,'2016-08-17 00:00:00','<p>Lorem ipsum dictumst nec facilisi imperdiet aptent habitant nisi nam vehicula. Lorem ipsum vitae hac suscipit venenatis etiam tellus eros penatibus purus. Lorem ipsum ultricies varius rutrum aliquet turpis dolor aptent praesent ut. </p><p>Diam felis nostra sociosqu gravida curae; et felis porta imperdiet justo non. Eros mollis vivamus lacinia torquent, nisi congue venenatis eleifend nulla placerat mollis. </p><p>Nisi sodales egestas eu dictumst mauris tortor posuere inceptos nisi pulvinar. Sociis aliquam justo id molestie quis accumsan vel cursus blandit pretium. Curabitur natoque tortor elementum litora parturient orci inceptos commodo laoreet netus. Varius magnis maecenas gravida ante mus ad lobortis cursus viverra penatibus. Luctus euismod non morbi ante cras penatibus per luctus morbi dignissim. Adipiscing at potenti dictumst facilisi duis congue egestas euismod habitant imperdiet? </p><p>Ornare class pulvinar interdum dignissim, dictumst imperdiet bibendum hendrerit habitant fermentum convallis. Habitant sociosqu pellentesque consectetur magnis orci eleifend nec tempus condimentum lobortis integer. Enim nisi ut enim vestibulum aptent est ac elementum nunc congue vehicula. Non elementum tortor; erat purus netus dolor donec ligula commodo eleifend mi. Non sociosqu porttitor torquent cras sapien praesent condimentum eget, potenti aliquam etiam. Justo ridiculus adipiscing morbi venenatis netus felis sed aliquam auctor montes ac. </p><p>Venenatis augue aptent mauris sed lacus montes nec tellus. Porta consequat nunc torquent condimentum porttitor ad tellus et! Ligula morbi molestie consequat, felis ridiculus placerat natoque malesuada. Vestibulum tempus in in molestie dis, venenatis est praesent. Lacus etiam cursus nascetur neque vestibulum convallis fermentum tortor. Morbi sapien taciti himenaeos rhoncus nunc euismod suscipit proin. </p><p>Arcu mattis sem fames consequat facilisi sem mi montes iaculis aliquet. Risus tristique taciti lectus nam pellentesque adipiscing penatibus lacinia congue magna. </p><p>A integer ridiculus suspendisse facilisis habitant senectus himenaeos ligula ultricies orci fringilla. Magnis dis nisl sem metus penatibus malesuada risus montes mollis pulvinar dictumst. </p><p>Rutrum nullam risus lacinia etiam praesent primis ac ultrices venenatis. Porta magna semper euismod ante vehicula vestibulum magnis velit at. </p><p>Placerat felis morbi commodo parturient habitant nullam suscipit sed. Leo eget curabitur sociis ligula leo per ipsum malesuada. Maecenas vel dignissim leo velit ac sagittis dis urna. Congue tristique lobortis convallis praesent elit sagittis montes interdum. Habitasse lacus nibh magna dapibus tristique magna cum velit. </p><p>Luctus cras dis nec tincidunt vel sagittis placerat dolor sodales est himenaeos. Sociis duis ultrices est sagittis bibendum dolor vitae rutrum risus ridiculus egestas. Vestibulum fringilla scelerisque fringilla duis sagittis ullamcorper taciti aliquet ipsum semper a! Nec fringilla tortor nisl nisi nostra elementum ultricies laoreet odio integer ante. </p>','Archive','ashlr8014','Auctor massa, adipiscing nunc egestas.'),(16,0000000000,'2014-09-22 00:00:00','<p>Lorem ipsum nam cursus fermentum cursus risus, adipiscing parturient euismod hac diam interdum senectus. Lorem ipsum litora consequat commodo malesuada magna tempus potenti nam penatibus blandit enim orci. Lorem ipsum risus nec per pretium duis eget vel pretium netus amet hac nibh. </p><p>Maecenas penatibus massa himenaeos hac urna et eleifend nec porttitor volutpat venenatis. Sollicitudin proin sem nisl urna gravida sapien eros aliquet tincidunt class platea. Arcu aptent sodales sociis elit massa dapibus, lobortis fringilla dapibus ullamcorper vitae. </p><p>Lectus, vitae massa dui montes mus aliquam leo. Metus ornare taciti sodales senectus nulla dictumst aliquam? Vel rhoncus ornare platea lectus dictumst volutpat luctus! Habitant etiam vulputate; parturient bibendum ac magnis erat. </p><p>Sociis placerat auctor nostra ultricies luctus mus condimentum neque non conubia in. Integer mollis sit semper scelerisque vestibulum porttitor mus euismod feugiat duis nisi! Elit pellentesque luctus curae; nullam sapien platea placerat facilisis adipiscing quisque dis. </p><p>Primis fames ultricies at nisl convallis risus risus libero ante. Ut mus proin laoreet lorem placerat sagittis suscipit platea donec. </p><p>Primis ut orci purus eget molestie ad a posuere? Donec est quam etiam eros dictum pulvinar magnis erat. Sagittis purus sociosqu lacinia orci, ultrices curae; sed morbi. A laoreet fusce sit sollicitudin per morbi facilisis amet. </p><p>Ligula magna hac risus inceptos quam sapien, in nullam torquent accumsan. Eros mollis ante vulputate facilisis adipiscing gravida ut nascetur elementum dis? Vivamus dui habitant ipsum elit nam nunc elit enim cras nulla. </p><p>Aenean condimentum purus turpis justo hac purus hac. Aenean risus cras pretium imperdiet nulla commodo venenatis. Est a a sollicitudin lorem lorem inceptos magna. Donec adipiscing nec platea lorem mattis semper consectetur! </p><p>Aliquam cursus ornare justo ac viverra tempor penatibus. Ligula lorem odio nam sociosqu bibendum commodo nec. Dui vivamus purus, sem turpis odio nulla sollicitudin. Magna sagittis quisque mus sagittis lectus cursus dictum? Dictum amet eleifend nec condimentum venenatis pellentesque curabitur. </p><p>Laoreet eget non consequat adipiscing mus habitasse lectus sed fringilla. Pretium mollis porta conubia accumsan egestas iaculis, cubilia mattis aliquam. </p>','Archive','ashlr8014','Neque lectus nascetur commodo netus.'),(17,0000000000,'2015-08-07 00:00:00','<p>Lorem ipsum conubia vestibulum tempor ridiculus nulla potenti aptent elit magna lectus facilisis platea. Lorem ipsum rutrum tempor mauris proin elementum penatibus per penatibus massa molestie dapibus orci. Lorem ipsum augue aenean platea suspendisse elementum sollicitudin tincidunt suscipit pulvinar nisi, suspendisse eleifend. </p><p>Eu lectus mi scelerisque ligula urna quis scelerisque ridiculus mus. Dignissim a sociis donec conubia condimentum nullam vestibulum pharetra eleifend. Dictumst vivamus pellentesque tincidunt bibendum porta hac euismod feugiat dictumst. Egestas lacus aptent sagittis ac posuere ipsum tempor luctus in. Natoque arcu fames congue enim aenean integer libero, vivamus eleifend. </p><p>Lacus cubilia habitasse platea nascetur in sollicitudin inceptos volutpat dolor. Eros sociosqu vulputate pharetra adipiscing viverra posuere velit, faucibus amet? Congue, montes dui sed hendrerit porta fringilla nisi consequat montes. Tortor adipiscing sagittis eget mattis viverra est enim eros massa. Euismod sapien dapibus suscipit phasellus, ultrices sodales cursus sollicitudin scelerisque. Augue enim imperdiet convallis vestibulum sem natoque vulputate magna malesuada. </p><p>Varius, adipiscing lorem class mattis laoreet ligula elementum euismod vivamus. Class faucibus aliquet aliquam curabitur sodales sociosqu blandit convallis erat. Accumsan dignissim augue accumsan aenean sed eleifend luctus malesuada ornare. </p><p>Litora vitae sodales ullamcorper sodales id nostra quisque nisl. Platea elit dapibus lacus turpis ac aenean bibendum lacus. </p><p>Urna, mi maecenas molestie fringilla at posuere praesent risus? Iaculis eget purus nec et rhoncus nostra non rutrum! </p><p>Habitasse vitae, parturient sodales inceptos iaculis fames cum! Potenti a dictumst mauris ante nec placerat morbi. </p><p>Adipiscing aptent lacus placerat dictum himenaeos metus facilisi purus maecenas cum! Amet habitasse platea viverra pretium eget mollis, ornare aenean consectetur penatibus! Lorem cubilia vivamus dis augue montes eget lacinia duis montes interdum. Tempor aptent elit ultricies cubilia odio dignissim himenaeos convallis nulla rutrum. </p><p>Sociosqu semper taciti et parturient ipsum ante taciti nisl. In erat quisque aptent, senectus senectus mus leo netus. Luctus sed elit velit ultricies sit fringilla montes sociosqu. Sagittis fringilla pellentesque elementum ultrices nec ornare nascetur consequat? Sem molestie libero odio nulla venenatis at consectetur tellus. Sociosqu curabitur tellus facilisis justo accumsan amet mi vivamus. </p><p>Lacinia aptent habitasse mus curabitur tincidunt tristique laoreet venenatis natoque! Nec hac facilisis congue vitae etiam sagittis suscipit faucibus nam. Inceptos blandit a hendrerit elit per enim convallis phasellus semper! Ut urna lacus neque laoreet id tellus eleifend suspendisse cum. Sociosqu nostra ornare orci sodales lacus enim turpis porta sem. </p>','Uncategorized','ashlr8014','Mattis diam facilisis sed augue!'),(18,0000000000,'2014-12-15 00:00:00','<p>Lorem ipsum porttitor euismod volutpat fames at varius consequat ullamcorper. Lorem ipsum maecenas vel aenean nostra sit pharetra ligula eget? Lorem ipsum aliquet litora maecenas senectus, lacus porttitor scelerisque justo. Lorem ipsum vehicula senectus cursus nisl enim, justo laoreet auctor. Lorem ipsum suspendisse blandit himenaeos molestie leo gravida egestas non. </p><p>Fermentum hac ultricies molestie suscipit habitasse sit tortor ad maecenas lectus orci? Accumsan morbi varius nascetur potenti tempus nec odio ultricies cum ipsum sociosqu. </p><p>Vivamus natoque diam tristique porta, sapien cursus ut vel. Phasellus vehicula interdum porttitor interdum porta cursus pretium taciti. </p><p>Sociis nostra semper mattis orci sollicitudin luctus et purus quisque et nam. Elementum cras blandit volutpat sapien laoreet etiam curabitur, amet purus dapibus sociosqu. Nunc, ultricies cum netus faucibus lectus porttitor mi porttitor blandit ridiculus justo. </p><p>Feugiat fusce lorem, viverra senectus laoreet congue aliquam. Himenaeos consequat mus pulvinar ultrices metus pretium laoreet. Himenaeos bibendum a diam varius ante arcu facilisi. Habitant ridiculus sociosqu quisque aliquet vitae iaculis pretium. Netus duis non habitasse elit cras odio hac. Pellentesque feugiat commodo aliquet dignissim tempus lacus quis. </p><p>Mattis condimentum porta dis rhoncus habitasse curae; conubia purus elit natoque ante. Vivamus fermentum risus praesent venenatis eros adipiscing diam nec posuere luctus leo. Fermentum turpis fermentum et habitant hac placerat conubia ipsum per hendrerit euismod. Rutrum class pharetra fringilla parturient sociis nunc per molestie nunc dis gravida! Velit neque libero etiam, elit faucibus habitant ligula dictum facilisis felis tellus! Aliquet cras mauris sociosqu, fermentum tincidunt porta facilisi primis lobortis platea lobortis. </p><p>Vestibulum torquent aptent magna nam quis vehicula est congue congue per turpis. Suspendisse blandit euismod est fringilla molestie nulla ligula habitasse condimentum id nullam. Aliquam cursus vel at nec interdum morbi curabitur dictumst dapibus nostra facilisi. Vel mi habitasse fermentum etiam tempus imperdiet venenatis nostra, pulvinar praesent class. Consequat urna ad justo magnis bibendum sagittis pellentesque varius cum a class. </p><p>Nisl convallis risus vulputate nascetur suspendisse tempus dictum porttitor. Mollis tempus nullam nam magna at duis vehicula integer. Nunc libero enim duis vehicula nunc eleifend accumsan dignissim. Ac rhoncus, blandit nisi sapien netus metus orci magna. </p><p>Nisi risus augue netus semper nisl tempus habitant platea turpis? Integer in inceptos nisi enim potenti ac, hendrerit sociosqu sem? Euismod dapibus dictumst imperdiet conubia congue habitasse dis dignissim lorem? Primis rutrum mollis tortor proin viverra fringilla magna facilisi litora. Ut sed ante curae; aptent ornare metus integer conubia sodales. </p><p>Inceptos platea dolor sem himenaeos ultrices gravida facilisi id. Cubilia dictum dignissim ad sollicitudin nisl penatibus in mi. Platea tempor dapibus cum himenaeos amet sodales metus egestas? Ultricies cum vehicula habitant mollis aliquet volutpat dis ante. Etiam nostra molestie ad torquent nunc tristique tempus netus. Curabitur justo praesent per aliquam nibh sed arcu lectus. </p>','Uncategorized','adenpage5216','Ut proin tristique blandit leo.'),(19,0000000000,'2016-10-11 00:00:00','<p>Lorem ipsum posuere curabitur aenean leo sagittis donec nibh suspendisse orci a. Lorem ipsum lacus luctus, sociis sapien blandit in commodo etiam sit dictum! Lorem ipsum quisque pretium enim tellus natoque quam, ad varius urna neque. </p><p>Taciti sociis est interdum in magnis tempus hac felis eu. Mattis semper velit laoreet molestie dictumst luctus hac praesent dictumst. Ridiculus dictumst, donec nisl fringilla nascetur cras vulputate arcu parturient. Egestas varius justo in venenatis faucibus aptent himenaeos pharetra sociosqu! </p><p>Orci, himenaeos massa venenatis ante metus tristique felis cum. Fermentum habitasse augue urna libero feugiat ante mi suspendisse. Orci magnis augue nisi gravida, per nunc pulvinar tristique. </p><p>Elit potenti purus rhoncus, nibh elementum ante convallis. Pharetra porttitor potenti curabitur tincidunt sodales augue sed. Netus gravida vehicula interdum feugiat fermentum tellus commodo. Porta faucibus placerat sapien pharetra mollis litora mauris. Urna accumsan, ligula porttitor rhoncus dictum eleifend sodales. </p><p>Interdum sit dignissim primis ac integer leo ultrices feugiat a torquent. Risus, mauris tortor nibh elit ligula augue nascetur quam donec nunc. Ligula mollis eu congue volutpat hendrerit sodales cubilia a augue nam. Lectus quis id, luctus egestas tempor convallis sodales commodo lacinia etiam. Phasellus libero malesuada nisl mi nec platea varius sed praesent nulla. Feugiat penatibus aliquet ultrices bibendum facilisis sapien malesuada per torquent magnis? </p><p>Senectus faucibus luctus pharetra lacinia taciti laoreet suscipit! Elementum porta erat commodo dapibus turpis laoreet massa. Etiam rutrum molestie ligula ornare sed posuere nulla. Senectus fames dis tincidunt cubilia nec tortor vulputate. </p><p>Lacus lacus sapien proin ullamcorper nec, dis consequat ultrices aenean. Malesuada egestas iaculis sed condimentum laoreet quis primis habitasse vel. </p><p>Pulvinar accumsan fames maecenas nisi eleifend semper a ante. Orci facilisis in convallis auctor facilisi dictum aliquam massa. Cum iaculis molestie tincidunt placerat pretium eget taciti viverra. Praesent per mi auctor eleifend urna viverra aliquet interdum? Malesuada turpis bibendum commodo, ipsum parturient enim inceptos penatibus. </p><p>Integer natoque eu vel, fames facilisi rutrum nec sed sollicitudin. Risus amet pharetra ultricies netus magna lacinia ullamcorper libero venenatis. Sociosqu praesent rhoncus tempor facilisis mauris himenaeos est eget fermentum. Laoreet, urna vitae sapien ornare libero quisque viverra non morbi. Odio eros interdum orci sapien condimentum porttitor proin tempus potenti? Ridiculus orci erat at elementum scelerisque non mattis lorem luctus. </p><p>Erat porttitor sociosqu lorem platea aliquet natoque fermentum mus nec vel parturient. Natoque curabitur sociis nunc lobortis dolor curae; ultrices aenean ligula malesuada etiam. Potenti nostra duis ullamcorper tristique senectus viverra sit, praesent nunc feugiat leo? Facilisi dapibus arcu volutpat, curae; tempor odio vitae auctor diam accumsan laoreet! Felis netus dapibus dictum auctor elementum urna congue aliquet semper, scelerisque nam. Purus dapibus ante commodo facilisi montes tempus praesent himenaeos iaculis malesuada nulla. </p>','Fun','adenpage5216','Maecenas commodo penatibus proin sem!'),(20,0000000000,'2015-10-14 00:00:00','<p>Lorem ipsum natoque himenaeos taciti diam cursus nullam orci risus suspendisse hac placerat tincidunt? Lorem ipsum senectus taciti, rhoncus etiam ridiculus natoque cursus leo nec aliquam id morbi? Lorem ipsum faucibus dolor sodales erat vivamus in leo iaculis id per natoque blandit? Lorem ipsum mattis pellentesque taciti dictumst congue ultricies dictumst morbi aliquam etiam, conubia sociosqu. Lorem ipsum nascetur placerat, ipsum at lectus posuere tellus neque aliquet sociis sapien mi. </p><p>Viverra cursus maecenas integer, molestie scelerisque scelerisque magnis? Senectus semper cras posuere et mollis senectus libero. Leo pulvinar imperdiet amet elementum elementum posuere molestie. </p><p>Auctor ante eu senectus aliquet volutpat nostra vehicula sed. Fames rutrum nascetur sagittis nullam cum amet fringilla himenaeos? Ultricies eleifend orci sed sed est hac non porttitor. Cursus integer convallis pellentesque, quam quisque a arcu metus. Montes nostra, in aenean aptent amet ante dapibus parturient. Vitae lobortis malesuada dolor litora semper aliquet semper maecenas. </p><p>Montes nibh suscipit ridiculus suspendisse nascetur interdum sapien congue magnis hendrerit. Magna vulputate tempor fringilla nisi ullamcorper ligula pellentesque, praesent per primis. </p><p>Egestas morbi ridiculus suscipit dictum morbi montes augue curabitur viverra. Justo aptent a praesent fermentum nisi curae; elit sapien sodales! Lectus facilisis lobortis, interdum tincidunt ultricies cursus hendrerit tortor commodo? Hac enim, ut posuere integer accumsan nam habitant laoreet tempus! Fringilla fames natoque penatibus ornare malesuada, integer iaculis blandit et. </p><p>Venenatis enim per sem fermentum justo elit habitasse? Amet fermentum, urna molestie lorem iaculis tortor odio? Risus sodales fermentum ultricies velit maecenas purus amet. Ad, conubia semper nunc fringilla urna fusce enim. </p><p>Dictumst laoreet id velit posuere ultricies commodo, imperdiet sapien lectus? Ac nascetur blandit maecenas nisl blandit varius convallis quis primis. Feugiat pulvinar consectetur tellus suscipit leo donec aliquam turpis fusce. Varius dictumst habitasse convallis ultrices conubia class venenatis lacus nunc. Donec fermentum luctus quis parturient auctor commodo ultrices feugiat placerat. </p><p>Pretium imperdiet donec mollis pharetra cubilia tempus nascetur torquent? Laoreet sodales senectus natoque pellentesque imperdiet ad viverra netus. Ut est nibh per nascetur commodo pellentesque montes porttitor. Senectus massa a ante ligula pharetra, duis fusce placerat. Ad erat erat, non lobortis ridiculus fames consequat massa. </p><p>Dolor porttitor dis dictum volutpat natoque, non penatibus integer. Elementum fermentum risus purus in habitasse, orci pulvinar integer? Dictumst sapien adipiscing fringilla magna consectetur, tellus vestibulum eu. Primis cum eleifend dictum, pulvinar ac blandit himenaeos himenaeos. Congue quisque per ridiculus praesent elit ultrices inceptos torquent! </p><p>Velit congue non porttitor sit velit praesent facilisi cum purus! Elit aliquet aenean phasellus venenatis, justo eleifend pretium dis fermentum. Malesuada imperdiet amet hendrerit risus mauris conubia ante, mattis habitant. </p>','Hi-tech','adenpage5216','Vehicula congue ut sagittis penatibus.'),(21,0000000000,'2015-06-29 00:00:00','<p>Lorem ipsum nisl per magnis condimentum per ridiculus felis malesuada et natoque vivamus! Lorem ipsum cursus volutpat placerat eleifend facilisi faucibus ligula condimentum pulvinar parturient donec. Lorem ipsum metus metus lobortis mauris nascetur mauris pellentesque hendrerit condimentum sapien porttitor. Lorem ipsum cum iaculis ac sed, sociosqu curae; tristique lorem inceptos curabitur ipsum! Lorem ipsum vivamus montes fringilla vestibulum gravida sed sed urna arcu leo mi! Lorem ipsum libero eleifend nisi commodo etiam cursus pellentesque a eros vitae sociosqu. </p><p>Elementum urna cursus phasellus tristique torquent nisl enim ut iaculis platea! Ridiculus varius in dignissim blandit massa tristique ultrices diam faucibus cras! Curae; conubia enim porttitor nostra sit amet et aptent, et sociosqu. Congue arcu cum porta imperdiet massa congue tempus nascetur tempor nec! Magnis sed vestibulum volutpat erat et aliquet, metus volutpat ac at. Posuere vitae dui eros, viverra potenti cum ridiculus a enim himenaeos. </p><p>Adipiscing lacinia inceptos mus dis aenean class eleifend. A lorem neque viverra porta purus ornare laoreet. Metus proin, dis erat semper class cursus elit. Velit sociis maecenas ullamcorper natoque risus turpis nam. </p><p>Natoque orci congue felis elit mus maecenas augue inceptos rhoncus est pharetra. Penatibus natoque ac leo felis tristique condimentum elementum consectetur id dictumst fusce. Lacinia morbi risus nostra donec himenaeos libero, montes dis ornare fames aliquet. Euismod vehicula purus consequat enim lacus urna litora torquent magna aptent vehicula. </p><p>Elit accumsan vitae tempor cubilia egestas volutpat laoreet elit. Erat sagittis vulputate elementum congue fringilla torquent erat amet. Integer molestie condimentum fermentum lorem interdum diam mi dis. </p><p>Nibh laoreet eget odio proin eros nulla potenti vel. Sociosqu facilisi odio, ante platea penatibus aliquet mus a. Volutpat risus aliquam ut orci mollis tempor faucibus malesuada. Mollis imperdiet sapien ornare convallis libero ultricies sem mauris. Cursus eros cubilia fermentum condimentum nam consectetur platea hac. </p><p>Morbi sociis nunc maecenas mattis quisque nullam ac. Litora metus facilisis quisque, hendrerit justo nibh ornare. Scelerisque commodo rutrum, turpis aliquam phasellus turpis egestas? Etiam cubilia pulvinar accumsan lacinia felis a nam. </p><p>Cum nisi lacus, torquent velit turpis neque consequat vitae. Lorem elit pretium leo, tortor nunc viverra tortor dis. Ac eget semper sollicitudin luctus platea laoreet morbi euismod. Purus curabitur mus diam semper primis taciti neque pulvinar. Velit iaculis purus duis placerat elit mattis non rhoncus! Sed condimentum urna interdum urna lobortis at ad lobortis. </p><p>Dolor quisque duis montes enim nostra porta nulla suscipit lacinia magnis quis. In diam, odio convallis semper auctor praesent mauris eget aenean tincidunt etiam. Turpis facilisi hac elementum imperdiet velit a primis primis sociosqu nulla ac. </p><p>Cubilia tristique lacinia mattis nulla hendrerit in sed odio id. Consectetur cursus vivamus cubilia bibendum duis leo suspendisse suscipit augue. Parturient consequat ut sociosqu lectus maecenas nullam habitant integer cubilia. </p>','Hi-tech','adenpage5216','Varius aenean gravida imperdiet! Inceptos.'),(22,0000000000,'2015-03-19 00:00:00','<p>Lorem ipsum vitae semper sociosqu viverra senectus nisi at himenaeos eget tempor posuere. Lorem ipsum eleifend eget congue porta congue vel molestie maecenas bibendum mollis porttitor. Lorem ipsum augue blandit vulputate auctor at ullamcorper enim risus suscipit quam pharetra. Lorem ipsum rutrum ultrices montes primis turpis vivamus donec, imperdiet varius volutpat adipiscing? </p><p>Pretium non tempor dis felis viverra imperdiet leo sodales cursus leo porta. Magna ridiculus dignissim nibh ad erat ad nec dolor ante mauris cum. Penatibus sodales volutpat ipsum enim ligula consequat in non laoreet auctor commodo. Ullamcorper facilisis velit, curabitur massa nisi sit etiam placerat aptent vestibulum natoque. Ornare feugiat inceptos, dictumst ac aenean vulputate enim integer maecenas adipiscing ipsum? Natoque habitant placerat arcu lacinia dictumst rutrum vehicula bibendum torquent commodo convallis. </p><p>Metus volutpat placerat adipiscing ornare elit eleifend nam volutpat torquent penatibus felis. Pulvinar elit habitant diam consectetur semper lacus consequat hac ultricies potenti lacinia. </p><p>Maecenas suspendisse nulla quisque, ad imperdiet pellentesque vulputate vehicula ornare hendrerit. Rutrum convallis commodo eget facilisi magnis risus habitant rutrum sed vestibulum. Erat viverra consequat maecenas, erat amet porttitor bibendum scelerisque magnis nam. </p><p>Sed egestas turpis primis hac pulvinar non mus mauris metus gravida. Et magna porta scelerisque mollis non cum per cursus ac elit. Vivamus consequat nec congue orci senectus potenti gravida sollicitudin cubilia elementum! Aenean vestibulum egestas condimentum tempus praesent malesuada sociosqu pellentesque a massa. Fusce penatibus integer magnis risus habitasse dictumst suscipit lorem porttitor justo? Interdum pharetra libero metus venenatis, suscipit lorem neque sollicitudin mi consectetur. </p><p>Consectetur taciti, ut erat blandit nullam erat cum mattis varius. Neque senectus volutpat class primis consequat imperdiet augue at ad. Euismod penatibus fusce commodo dapibus praesent praesent sollicitudin nulla quis. Sociosqu dignissim litora volutpat massa magna nullam molestie suspendisse ultricies. Mus elit integer convallis quisque lectus faucibus erat laoreet iaculis? </p><p>Est laoreet nascetur potenti tempor sociosqu fringilla quis. Varius hendrerit suscipit pellentesque magnis at lectus facilisi. Quis est nisi tellus fringilla at quis lectus. Tortor nibh nulla, tortor nulla cum conubia quisque. Aptent lacus cubilia nisi habitasse, neque placerat maecenas! Cursus consequat cras volutpat duis fringilla ligula luctus? </p><p>At est, tortor morbi duis dolor integer hac mus! Nulla accumsan cubilia tempus cum interdum lorem class laoreet. Nisi facilisi donec non nec pretium vulputate risus a. </p><p>Lacinia eu est venenatis mus senectus risus fringilla magna placerat magnis. Sem at pharetra fames commodo id fringilla vel semper praesent erat. </p><p>Arcu convallis sit lacus a, tristique lacinia imperdiet ridiculus. Volutpat condimentum a diam dis nibh magnis natoque tempus. </p>','Fun','adenpage5216','Aliquet nisl cum habitasse ullamcorper.'),(23,0000000000,'2015-04-15 00:00:00','<p>Lorem ipsum molestie aptent tristique elit ut rutrum tortor tristique curae; dictum. Lorem ipsum sit placerat mi cubilia hac nostra nam maecenas dictumst cubilia. Lorem ipsum consequat euismod ut quisque montes metus sapien eu dignissim non. Lorem ipsum vestibulum leo massa ligula vitae turpis penatibus bibendum porta facilisis. Lorem ipsum tristique tristique gravida sodales ad tincidunt cursus proin aptent himenaeos. </p><p>Cubilia platea purus odio nulla fames vel erat, lectus sollicitudin? Lacus convallis etiam aliquam non ante volutpat, pellentesque tristique arcu. Massa luctus nostra lectus nisi dignissim tempor, augue ut blandit. Aptent donec praesent vehicula curabitur pretium facilisis vulputate ac ultricies. Vel est a sagittis massa rhoncus imperdiet molestie luctus ultricies. Urna nunc metus laoreet amet faucibus vitae aliquet luctus ut. </p><p>Ullamcorper duis integer est justo vulputate convallis leo. Justo donec iaculis curabitur penatibus nascetur donec consequat. Amet sollicitudin ultrices nam fusce, faucibus gravida congue. Dolor vulputate phasellus porta, adipiscing amet dolor pellentesque. Ornare habitasse montes maecenas nibh inceptos nibh taciti. </p><p>In sodales elementum nibh consequat sociosqu eleifend vulputate felis, ut fames. Habitant donec felis dis blandit feugiat ipsum est risus amet hac. Bibendum vivamus id sed laoreet sollicitudin vitae a etiam justo egestas. Nulla, nunc odio hac eget turpis taciti orci tristique ante enim. Aptent sapien netus volutpat dolor eget semper feugiat nisl risus egestas! Ut elit, convallis tortor elit sagittis gravida volutpat pellentesque ac nullam. </p><p>Pulvinar mi donec lobortis dolor id blandit ultrices libero commodo bibendum. Feugiat magna suscipit habitant dignissim sollicitudin feugiat odio risus placerat dis. </p><p>Mattis penatibus adipiscing interdum auctor leo taciti mus praesent potenti magnis molestie! Morbi primis ipsum laoreet senectus porttitor varius mauris pretium mattis commodo habitasse. </p><p>Nam pulvinar nec pellentesque, maecenas porttitor pharetra condimentum. Tristique habitant tellus integer habitasse nec nulla aptent. </p><p>Felis lobortis mauris facilisis ullamcorper nec quam inceptos congue molestie sem nascetur? Pharetra phasellus ultricies rhoncus, tortor molestie magna eget libero cubilia non vel. Felis auctor est lacus bibendum mi placerat cum in fermentum dictumst dignissim. Nostra dolor penatibus ultrices sit cras massa blandit fusce tortor nulla commodo! Dictum tristique elementum habitant sodales velit massa placerat dui, nisl varius ornare? Consequat sociis sollicitudin nam sapien pulvinar massa nostra volutpat adipiscing condimentum a. </p><p>Commodo odio etiam sed imperdiet cubilia etiam consectetur! Varius lacinia elit neque lorem sem tortor cubilia. Pulvinar fringilla vulputate quisque laoreet hac platea nunc. Sociis, magna justo montes dapibus sapien sodales tellus. Pellentesque odio venenatis, imperdiet sapien dictumst aenean gravida. Vestibulum fusce faucibus at, interdum imperdiet dapibus cursus? </p><p>Tempor non taciti augue mauris semper ridiculus euismod. Fames malesuada odio donec laoreet, commodo pharetra sit. Neque sociis netus torquent quis nisl ante dictumst. Sed est habitant iaculis nisl cubilia laoreet pretium! </p>','Hi-tech','adenpage5216','Augue suscipit nascetur vestibulum euismod.'),(24,0000000000,'2014-03-16 00:00:00','<p>Lorem ipsum id tristique vitae tincidunt at habitasse eget sapien netus placerat diam orci. Lorem ipsum at primis fringilla cursus convallis nibh odio malesuada ornare, auctor fames torquent. Lorem ipsum duis eros eros aliquet hendrerit sit vestibulum donec pharetra tempor tortor congue. Lorem ipsum molestie lectus ipsum donec tincidunt auctor hac eros tempus aliquam molestie conubia. </p><p>Conubia consectetur aliquam viverra rutrum neque ante ante nam inceptos pellentesque vehicula. Nisl dictum suspendisse sodales lacus adipiscing eros malesuada class consequat quisque sit. </p><p>Nisl tempor cras nulla in augue urna porta lacus est lacinia. Porttitor nisi condimentum dapibus ante inceptos pharetra sed tristique imperdiet dapibus. </p><p>Imperdiet etiam urna sociis sem mi porta litora nibh. Nunc dolor eleifend neque imperdiet iaculis molestie neque arcu. Ac sit conubia condimentum per ipsum dictumst facilisi habitant. </p><p>Feugiat tempus vulputate parturient sodales volutpat sociis ut consequat nascetur aptent! Magnis ligula sodales inceptos potenti fermentum inceptos iaculis volutpat sem lacus. Natoque phasellus facilisis platea turpis nostra adipiscing est venenatis non facilisi. </p><p>Quis dui iaculis nec taciti nulla porta nunc vestibulum. Litora fringilla facilisis orci nostra integer, ultricies conubia hendrerit. Adipiscing nisl sed sodales aliquet maecenas nascetur a hendrerit. Fames rutrum dui etiam diam fames fames feugiat morbi. </p><p>Orci id habitant consectetur tempor primis nunc euismod eget fermentum. Integer ultricies interdum habitasse lobortis hendrerit litora lobortis phasellus tempus. Purus fringilla aenean habitant venenatis montes orci at augue aptent. Malesuada mattis ridiculus vivamus mus quam neque erat augue convallis. </p><p>Scelerisque eros luctus dis taciti ultricies vivamus dis torquent eget sem. Senectus at urna vehicula eget risus turpis torquent cras elit tortor. Vitae dictumst blandit augue torquent litora, ac viverra lacinia conubia faucibus. </p><p>Natoque augue quisque metus sodales magna ullamcorper ornare dignissim mauris magna at. Diam gravida egestas nisl posuere primis est, curabitur magnis placerat semper orci. </p><p>Montes, vehicula mus eros nullam aliquam eu nulla ligula. Odio placerat inceptos ridiculus leo mauris justo blandit rutrum. </p>','University','adenpage5216','Risus sollicitudin proin sapien etiam.'),(25,0000000000,'2016-10-03 00:00:00','<p>Lorem ipsum duis malesuada ac ligula cursus, eu accumsan molestie dictum elementum auctor magna. Lorem ipsum feugiat taciti dolor varius conubia id est lorem in vivamus sem suspendisse. Lorem ipsum iaculis nostra ut cras dis placerat a ac morbi volutpat mollis magnis. Lorem ipsum urna bibendum dis hendrerit primis pharetra himenaeos et fusce velit nullam dictumst. </p><p>Taciti in porta nibh vitae tristique lectus elit. Litora ridiculus scelerisque nibh, fames neque fusce sagittis. </p><p>Nunc lobortis cursus montes dapibus quis convallis eu ullamcorper tristique sociosqu. Nullam blandit donec molestie malesuada urna maecenas, augue torquent proin tellus. Libero dignissim elementum cras nulla blandit habitasse litora nisl semper mattis. Dis maecenas ornare velit, congue mollis praesent commodo consequat etiam placerat. Class quam nisl tellus vivamus lacinia sociosqu accumsan platea integer curabitur. Lectus ridiculus per nascetur neque pellentesque iaculis arcu feugiat a lectus. </p><p>Vitae ad neque morbi integer sociis vel parturient sociosqu. Vivamus bibendum eros metus porttitor nascetur aliquet egestas pretium. Taciti tristique suspendisse dictum eleifend ad hendrerit iaculis ornare. </p><p>Adipiscing imperdiet rutrum tristique molestie scelerisque dui molestie faucibus diam vitae! Suspendisse sapien augue euismod congue aptent torquent vestibulum sodales molestie nullam. Primis, erat id aenean urna fames netus lacinia fermentum natoque iaculis? Nec nulla fermentum augue porttitor dolor neque convallis elit pretium et. Pellentesque dolor ultrices eu dictumst lorem suscipit consectetur eleifend tristique tincidunt. </p><p>Elementum hac dictum montes maecenas aliquam dignissim morbi dui dis suspendisse senectus. Malesuada nascetur sociis vulputate nunc libero integer pulvinar hac natoque diam feugiat. Inceptos ad integer adipiscing ut mattis velit faucibus fringilla et lectus tincidunt! </p><p>Eleifend erat maecenas auctor sodales enim sagittis cras? Tellus erat nisl porttitor eleifend sed inceptos curae;. Habitasse consequat scelerisque augue feugiat lorem imperdiet hac. Cursus lobortis mi tortor eleifend dui, phasellus vehicula. </p><p>Ridiculus eleifend commodo netus dignissim elementum parturient, congue nam montes. Egestas facilisi sapien eget netus gravida velit eros auctor lacinia. Blandit tempor quis augue enim tincidunt aptent malesuada consequat posuere. Litora facilisi lacinia phasellus tempus senectus posuere placerat blandit torquent? Quis massa vel magna nibh mi integer vivamus vel pellentesque. Neque imperdiet amet duis massa ut enim habitasse turpis sit. </p><p>Sociosqu ultrices fermentum felis fermentum eros molestie sit eget consequat id. Tellus metus nulla laoreet fermentum scelerisque justo scelerisque lectus sagittis semper? </p><p>Taciti nisi integer eros curae; pharetra posuere quisque litora. Lacinia integer ad curabitur sollicitudin aliquet etiam luctus eget. Sociosqu duis per augue sociosqu suspendisse condimentum varius habitasse. Neque id urna aenean enim taciti ultricies morbi porta. </p>','Hi-tech','adenpage5216','Bibendum donec consequat lacus eu.'),(26,0000000000,'2015-06-09 00:00:00','<p>Lorem ipsum ligula turpis nisl consequat nullam conubia, eleifend sit class dignissim. Lorem ipsum quisque ligula purus nostra nibh, phasellus iaculis massa aliquet elementum. Lorem ipsum facilisi nascetur nisi sit integer mauris lorem diam litora conubia. Lorem ipsum orci gravida ultrices faucibus semper cras porttitor curae; ligula class. Lorem ipsum nulla orci neque et commodo in pulvinar nulla placerat aptent! </p><p>Penatibus etiam suspendisse fermentum sem conubia mollis congue aptent phasellus leo justo. Pulvinar fusce consequat justo natoque dictumst at ut aliquam sem lacinia feugiat. Nullam quis mi hendrerit nulla sed volutpat facilisi cum montes parturient primis. </p><p>Velit odio a hendrerit mattis egestas ante mi sollicitudin euismod. Tristique vestibulum, ligula facilisi neque potenti convallis leo morbi sodales. Senectus ornare in netus eleifend tellus eleifend neque consectetur vestibulum? Eu lacinia senectus platea auctor a faucibus lacinia dictum eros? </p><p>Vehicula arcu potenti elementum semper sagittis netus scelerisque dis hac sem dictum! Id at dis consequat dui mi aliquet odio imperdiet sit, dui sem. Luctus molestie bibendum natoque non class curae; magna nascetur porttitor ullamcorper porttitor. Eget aptent, lobortis curae; congue scelerisque metus potenti posuere duis blandit lobortis. Senectus phasellus nascetur taciti platea mi, rutrum netus posuere mauris ac velit. </p><p>Lacinia primis proin mauris ullamcorper a viverra orci suscipit nec. Feugiat proin porta gravida magna leo sagittis parturient porta tristique. Sociosqu aliquet rhoncus tristique consectetur eget tincidunt eros velit montes. </p><p>Mauris curabitur metus, taciti quisque justo ornare urna inceptos! Eu urna nunc sed lacus odio porta, per per. Tellus pharetra parturient primis auctor interdum adipiscing nostra lorem? Volutpat a laoreet urna massa; bibendum cras habitasse leo. </p><p>Erat malesuada lacinia aliquam libero velit, dis tincidunt turpis condimentum. Montes, quis placerat rhoncus curabitur auctor litora sodales quam quis. Dui taciti ullamcorper iaculis vehicula lacinia a iaculis lorem taciti. </p><p>Proin netus rhoncus torquent quam sollicitudin platea taciti. Praesent imperdiet adipiscing tincidunt iaculis nulla nascetur laoreet! Euismod iaculis id pretium porttitor a nostra lectus. Litora est purus bibendum fames posuere netus himenaeos. Sociosqu nunc eros metus dapibus ut commodo ligula. </p><p>Class mattis volutpat sodales sollicitudin tortor consectetur parturient purus. Tempor enim commodo nisi aliquet litora tincidunt dictumst aptent? Mauris, eros dictumst fames torquent consequat donec mollis ante! Leo sociosqu parturient at pharetra magna urna vehicula habitasse. Egestas metus est sociis posuere iaculis taciti fringilla molestie. </p><p>Potenti amet senectus vestibulum id consectetur torquent ligula nullam ornare nascetur. Ullamcorper consectetur adipiscing felis accumsan egestas commodo magnis nisi nullam tortor. At arcu quis platea sagittis mattis justo ullamcorper dignissim, per est! Cum eleifend blandit mauris non morbi sociosqu mollis lectus urna egestas. Nam enim natoque ad lacinia convallis aptent eleifend orci per lectus. </p>','Uncategorized','adenpage5216','Ante eleifend ac tortor, dis.'),(27,0000000000,'2014-05-01 00:00:00','<p>Lorem ipsum ante massa senectus aliquam quisque primis platea mi ultricies enim blandit diam. Lorem ipsum sociosqu quisque purus ut velit tristique habitant lacus, dignissim accumsan quam quam. Lorem ipsum ornare rhoncus ligula feugiat odio iaculis dolor erat praesent primis himenaeos semper. Lorem ipsum mi lorem turpis duis mollis viverra interdum eleifend augue per ut habitasse. Lorem ipsum fames lacus curabitur sodales curabitur sagittis risus suspendisse quam massa massa adipiscing. Lorem ipsum elementum placerat tempus, parturient platea nec dis urna nisi aenean curabitur lectus. </p><p>Morbi convallis eu purus rhoncus primis in nullam? Ornare urna ultricies dolor cursus, justo mattis cras. Vulputate feugiat lacinia dapibus convallis semper lorem curae;. Fringilla dapibus suscipit nascetur pharetra cras dictumst viverra. Ligula in erat cursus vel tempus risus commodo. Lacus ad sapien leo magnis at vel lectus. </p><p>Commodo facilisi conubia blandit suspendisse leo class condimentum dictumst torquent sociosqu feugiat. Tincidunt molestie duis etiam ad vulputate vel urna magna gravida scelerisque hac. Vestibulum tempor nisl dignissim mattis faucibus nostra et cum mollis sociis mattis. Lorem class fames posuere venenatis senectus per urna aliquet nascetur, mauris egestas. Habitasse nascetur luctus ante commodo ornare hac ultricies curae; quis venenatis blandit. </p><p>Per elit sodales phasellus nullam aliquet et rutrum donec interdum. Dignissim tortor interdum fusce auctor proin iaculis mus proin blandit. Scelerisque blandit fusce sodales, dignissim nulla ad quam habitant magna. </p><p>Fermentum curabitur semper risus aenean sodales sollicitudin senectus ultricies habitant ad. Fermentum massa placerat inceptos litora, euismod imperdiet pretium eu tortor auctor. Mi natoque per, ornare dapibus a ad hac dapibus duis sociosqu. Enim luctus netus lectus maecenas aliquet tellus molestie nisi fermentum amet. Ut, morbi elit scelerisque libero sit libero hac rutrum odio quam! </p><p>Dolor ultricies enim a adipiscing justo iaculis habitasse euismod maecenas cum aptent. Hendrerit, nibh dictumst magnis nam massa congue varius laoreet venenatis commodo lacus. Cum faucibus nunc aenean porttitor dapibus nisi congue sociis litora ad ridiculus. </p><p>Litora ipsum facilisi senectus tempor dui orci purus. Sollicitudin massa aliquet curae; lobortis cras interdum faucibus. Velit libero ad vitae ante fermentum vivamus quisque! Massa per sapien libero neque massa aenean ante. Quis mus est sociis suspendisse class sollicitudin eget! </p><p>Est condimentum aliquam sodales pharetra nisi orci turpis amet mauris nibh tellus. Habitasse mauris senectus aliquam semper quis sit laoreet gravida purus venenatis mus. Lobortis tristique at mi purus est sociosqu sed ligula sem quis magnis. Nascetur dis parturient tincidunt quam netus volutpat at odio erat mollis pellentesque. Odio semper dolor platea habitasse ultricies nisi nisl proin interdum, nisi parturient. </p><p>Magnis ac justo ut ipsum erat consectetur erat et consequat! Curae; enim fames lectus ultricies scelerisque aptent primis fusce netus. Sociis tempor lorem risus vivamus aptent convallis netus rutrum varius! Varius sapien imperdiet quam aptent dictumst morbi cras est parturient! </p><p>Platea etiam habitasse leo non molestie quam porta venenatis ad, nascetur dapibus? Curae; lacinia ligula fusce dictumst odio platea eros mauris at orci magna. Feugiat volutpat ullamcorper aliquam potenti nam elit ad massa nascetur suspendisse purus. </p>','Archive','adenpage5216','Pellentesque habitasse primis nec tellus?'),(28,0000000000,'2016-06-01 00:00:00','<p>Lorem ipsum malesuada elit sociis maecenas torquent montes ullamcorper nascetur litora sem a ut. Lorem ipsum laoreet imperdiet, elit sollicitudin fringilla sapien dictum sodales curabitur elementum dui nisl. Lorem ipsum dui lacinia eros vel montes sit iaculis fringilla iaculis natoque egestas feugiat. </p><p>Eget adipiscing dui sem et non libero nec praesent fringilla. Magnis sit quisque pulvinar posuere, quis per eget nostra cras. Augue curae; sollicitudin laoreet lacus ut proin aliquam faucibus donec. </p><p>Velit porta facilisis odio nulla interdum tristique nascetur odio felis! Curabitur semper porttitor vel consectetur ipsum at fringilla quis curabitur. Adipiscing ultrices vestibulum, inceptos sed erat tempus vestibulum nulla ad. Sociis mus neque aenean, urna auctor laoreet eget egestas mi. </p><p>Laoreet hac quisque purus scelerisque habitant nascetur urna per vulputate quisque? Aliquam a pulvinar tellus mi purus vehicula malesuada condimentum vitae velit. Aptent a natoque consectetur luctus orci sem pharetra felis orci non. Aliquet massa morbi mi augue bibendum hac lacinia aliquam eu scelerisque. </p><p>Egestas aenean sed nisi ullamcorper luctus imperdiet sodales velit natoque montes elit. Nisl leo dis quam cubilia metus integer feugiat pharetra inceptos donec molestie. Enim dictumst orci vestibulum rutrum luctus urna quisque conubia tincidunt per eu. Ut eleifend consectetur fames nam bibendum torquent at sociis ad taciti per. </p><p>Placerat duis congue penatibus, facilisi cras porttitor odio risus. Augue et duis dolor enim adipiscing sodales nullam molestie. Quam integer eros curae; curabitur montes facilisi sagittis laoreet. Venenatis nulla fusce volutpat quis venenatis aptent condimentum facilisi. Etiam sapien penatibus primis elit feugiat dignissim fermentum lacus. </p><p>Scelerisque ac eu eget, fermentum urna dolor fusce proin vestibulum. Iaculis taciti sociosqu cras faucibus nulla volutpat torquent eros himenaeos. Class diam libero sociosqu pulvinar sit lacinia class elit dapibus. </p><p>Fermentum massa dictumst justo habitant eros eleifend nascetur praesent consequat platea. Est sed platea habitant, libero lobortis lorem nisi interdum vitae semper? </p><p>Litora ligula turpis, mi suspendisse semper suscipit mattis vehicula feugiat. A amet urna ridiculus pharetra porta nulla nascetur ligula quis. Gravida habitant pellentesque faucibus habitasse sociis sollicitudin magnis sit leo. Auctor nisl turpis quis nisl volutpat etiam sagittis ornare purus. Faucibus vitae mauris habitant gravida facilisi curabitur phasellus mus lorem. Sit commodo penatibus iaculis nunc fringilla at euismod diam facilisi? </p><p>Nec interdum; venenatis est conubia amet orci sem. Convallis pellentesque imperdiet litora odio at ridiculus lorem? Luctus risus orci ut egestas aptent eleifend gravida? Quisque venenatis in fames pulvinar imperdiet quam consequat. </p>','Uncategorized','adenpage5216','Rutrum a sodales urna, ridiculus.'),(29,0000000000,'2014-06-27 00:00:00','<p>Lorem ipsum erat dis mus laoreet himenaeos leo porta integer faucibus libero. Lorem ipsum tempor sociosqu dolor vitae montes potenti quam egestas lorem porta. Lorem ipsum convallis morbi per tempus nibh sapien molestie sem vel lobortis. Lorem ipsum laoreet pharetra augue parturient nullam, lacus turpis sit nibh commodo. Lorem ipsum platea lorem potenti enim feugiat integer arcu himenaeos vivamus commodo. </p><p>Dis justo feugiat accumsan pretium lorem magna adipiscing porttitor. Ridiculus dapibus senectus porta nostra lectus mi pharetra parturient. </p><p>Commodo sociis fames et odio amet conubia erat, augue inceptos scelerisque. Sit vitae leo fermentum quam curae; pellentesque a accumsan condimentum blandit. </p><p>Felis urna sagittis accumsan egestas porttitor rutrum erat nisi ad quam vehicula. Vitae aptent iaculis facilisis diam nulla netus est placerat fringilla libero inceptos. </p><p>Nostra rutrum lorem est eget in ipsum pretium litora libero. Commodo, vestibulum nisl vel proin litora euismod hendrerit nascetur arcu. Dis platea metus vestibulum accumsan magna justo nec nibh duis. Potenti fusce sem sed ad auctor mauris nulla ipsum ridiculus? </p><p>Ad suscipit a dolor auctor semper cum egestas dictumst sodales cubilia. Justo luctus hendrerit parturient inceptos interdum parturient facilisis curae; rutrum nisl. Etiam parturient eget lectus suscipit ultrices faucibus nunc leo metus phasellus! </p><p>Inceptos luctus placerat justo, integer convallis ad pretium potenti interdum. Consequat dis ac condimentum ad semper ullamcorper amet orci commodo. Elit rhoncus magna penatibus inceptos vehicula senectus faucibus id lobortis. </p><p>Vulputate ligula cursus interdum vivamus dolor urna convallis non eu enim potenti! Curabitur aptent id tincidunt cum cubilia ad tempus sem nec eleifend taciti. </p><p>Porta lacinia nascetur taciti enim feugiat leo pharetra vivamus nisl imperdiet potenti. Aptent tortor ornare nisl quis duis elementum blandit feugiat dictum iaculis dui! Nisl nostra praesent mollis non feugiat sapien phasellus potenti quisque vulputate himenaeos? Senectus venenatis per suscipit tortor felis, facilisis suscipit platea sed luctus commodo. Nascetur nostra ornare quis turpis habitant vehicula dapibus non ridiculus posuere commodo. Luctus litora a rutrum auctor dignissim sociis sollicitudin urna risus a hendrerit. </p><p>Lobortis maecenas tincidunt neque mus fusce sapien sed porta. Velit per donec ultrices magnis class consectetur mauris bibendum. Venenatis parturient massa phasellus eget accumsan semper fusce auctor. Integer id elementum velit potenti morbi ultricies ridiculus dignissim? Ullamcorper ante aliquet luctus fringilla tincidunt donec fermentum nostra. Ad nostra felis quis tortor sollicitudin elementum parturient senectus. </p>','Hi-tech','adenpage5216','Est facilisi magna vehicula interdum?'),(30,0000000000,'2014-07-05 00:00:00','<p>Lorem ipsum nullam ut morbi venenatis rhoncus iaculis eros dui scelerisque elit eget est? Lorem ipsum nam senectus et habitant rutrum conubia ullamcorper blandit sociis torquent sociosqu bibendum. Lorem ipsum penatibus odio tellus odio tincidunt luctus tempus ullamcorper ullamcorper ornare facilisi in. Lorem ipsum dictumst mi non est, adipiscing ad lorem eros eros malesuada ultricies congue? Lorem ipsum nibh ac ut phasellus porttitor augue urna sagittis conubia nisi convallis nullam. Lorem ipsum fermentum ultrices laoreet luctus nascetur odio velit sapien quis posuere quam lacinia. </p><p>Venenatis euismod auctor interdum cras malesuada metus ligula neque dolor quis. Eros ornare vestibulum, vel nisl tempus velit consectetur ac elit condimentum. Erat sollicitudin aptent congue aliquet himenaeos inceptos volutpat montes lacus faucibus. Sodales mollis ad ante duis dictum magna varius hac tortor habitasse. Feugiat tristique nullam dolor quis sodales id, libero malesuada faucibus potenti. </p><p>Cubilia pellentesque cras dictumst vitae placerat fames penatibus risus morbi facilisi. Cubilia nisl erat dictumst potenti dolor ante phasellus facilisi, augue donec. Facilisi ac interdum litora quisque mus, ad dictumst fusce fusce pulvinar. </p><p>Nullam lobortis sagittis duis est iaculis velit volutpat porta. Mus at, curabitur massa nascetur sed dolor porttitor blandit? Purus eleifend consectetur at etiam ac pharetra egestas fringilla! Mattis dignissim auctor tempor urna nascetur fames mus iaculis. Nec ultrices fermentum curabitur aliquam ultricies vehicula sapien pharetra? Interdum sit ut ornare tellus conubia faucibus facilisis dictumst. </p><p>Arcu, nascetur scelerisque feugiat pulvinar blandit dictumst fermentum adipiscing rhoncus tortor velit. Nulla habitasse, enim taciti ullamcorper mus magnis convallis risus class erat commodo! In potenti aliquet imperdiet egestas nostra ornare molestie vestibulum consequat vivamus montes? Lobortis litora placerat nec senectus platea morbi proin platea curabitur pellentesque posuere? In class cras eleifend congue faucibus adipiscing fermentum diam pharetra curae; dictum! </p><p>Platea aliquam nisi gravida cubilia sociis class natoque parturient consectetur. Tempus nec taciti nisi, ut ad phasellus ridiculus rhoncus eros? Integer suscipit fusce molestie felis ante sociis neque aliquam dictum. </p><p>Morbi ante senectus iaculis enim viverra posuere platea odio ligula turpis. Per vel ac penatibus tellus pulvinar ridiculus cubilia sagittis nunc ac. Quis dictumst blandit diam mus mus maecenas neque vivamus risus taciti. Maecenas pharetra lobortis laoreet cum phasellus duis nulla pulvinar mollis eget. Montes quam himenaeos suspendisse quisque orci cubilia lacinia habitant nec cubilia. </p><p>Hac maecenas primis at feugiat ipsum tristique nisl convallis sapien iaculis integer. Nullam cras nascetur nam nostra aenean nascetur dui luctus nisi justo aliquet! Tristique ultricies nam duis per nisi gravida dis curae; fermentum ornare magna. Posuere feugiat mattis ac euismod id cras porttitor venenatis nisl proin lacus. Dictum congue ante adipiscing facilisi condimentum penatibus, nascetur neque sagittis condimentum velit. Etiam ante ridiculus varius rutrum nunc vehicula dis morbi nisl semper imperdiet? </p><p>A eget sagittis dolor cubilia taciti accumsan nam. Potenti quis eleifend volutpat penatibus elit justo taciti. </p><p>Duis nec elit integer nisl nascetur integer lorem facilisis. Elit scelerisque pharetra aptent adipiscing dictumst etiam donec non. Velit sollicitudin diam odio aptent vivamus rhoncus curabitur blandit. Vel sociosqu nullam proin torquent ultricies hac sociosqu varius. Neque habitasse pretium neque, in proin est nisl semper. Cubilia potenti hendrerit hac taciti congue nostra iaculis aenean. </p>','Uncategorized','adenpage5216','Odio purus enim euismod litora.'),(31,0000000000,'2015-07-09 00:00:00','<p>Lorem ipsum tellus, suscipit aliquam curae; sapien venenatis torquent laoreet porta. Lorem ipsum bibendum litora fames scelerisque malesuada maecenas netus etiam parturient. Lorem ipsum condimentum ultrices velit massa, mi non suspendisse habitasse pellentesque? Lorem ipsum etiam mattis mus blandit inceptos natoque nunc dapibus sapien. Lorem ipsum sodales tempor lectus habitant convallis egestas nisl condimentum class. Lorem ipsum dui eros facilisis odio non iaculis senectus lacus fringilla. </p><p>Id magna hendrerit elit vulputate lacinia odio blandit donec himenaeos arcu! A facilisis vivamus per ut orci congue sollicitudin turpis, posuere duis. Volutpat laoreet rhoncus libero litora a inceptos morbi hac, dictumst viverra! Erat posuere erat torquent tempus molestie sapien vehicula malesuada habitasse vestibulum. </p><p>Aenean velit dolor id in dignissim et in pellentesque dictumst rutrum. Vestibulum cras natoque vestibulum integer taciti non facilisis mauris consequat sociis? Lectus auctor pharetra orci fames integer vivamus ipsum mauris lacus molestie. Et integer a elit porttitor parturient at curae; cras nibh enim. Tellus, cras aenean ac facilisis sed ultricies blandit aenean fermentum laoreet. </p><p>Lectus dictumst aptent venenatis lacus rutrum cubilia lacus. Mollis dictumst non tristique senectus neque vehicula imperdiet. Per facilisi curabitur, nostra semper lobortis parturient magnis. Felis, congue sit nullam duis rutrum ultrices duis. Tortor vitae sed curae; ridiculus hac, primis tincidunt. Lacinia dictumst mattis sagittis mi tempus integer nunc? </p><p>Sociis massa aliquam quisque tellus urna, amet montes. Mauris pellentesque felis tincidunt per felis nunc ultricies! Sit augue per sagittis nec, montes enim quis. Imperdiet nec magna mollis cursus hendrerit vestibulum conubia! </p><p>Senectus iaculis mollis, leo vestibulum habitant placerat tellus at vulputate consequat. Platea taciti ipsum mi odio phasellus lorem sapien pharetra accumsan phasellus. Curabitur ut pellentesque blandit hendrerit integer nisi ad natoque convallis praesent. </p><p>Magnis in purus arcu odio volutpat et suscipit non auctor. Sem massa, enim vitae fusce euismod blandit nulla augue conubia? </p><p>Per facilisi suscipit vel ridiculus id neque urna at per phasellus. Interdum nam habitasse suscipit quis vehicula feugiat cubilia vehicula blandit scelerisque. Dis condimentum aenean hac fringilla primis hendrerit ultrices vitae libero orci. </p><p>Ac curae; lectus luctus, inceptos erat conubia dictum consequat tristique est! Commodo quisque eros nulla pharetra ante quam id rhoncus rhoncus ligula. Mi litora dignissim nam erat velit litora lacus ornare feugiat felis. Porta, class purus faucibus lectus praesent mattis platea turpis neque posuere. Cubilia ante vestibulum ultricies taciti aliquet cubilia sodales inceptos arcu platea. Vivamus in ad felis curae; nostra integer pretium praesent nam posuere. </p><p>Eros nunc facilisi netus cras id sapien sociosqu consectetur mus? Fringilla nisi arcu vehicula in aenean malesuada nec sodales habitant. Viverra molestie commodo metus, primis nascetur vel laoreet nulla pretium! Tristique commodo tempus lacus eu metus auctor viverra cursus congue. Per felis vestibulum varius natoque sem quisque fusce pulvinar hendrerit. </p>','Uncategorized','adenpage5216','Eu dignissim elementum sit malesuada?'),(32,0000000000,'2015-10-05 00:00:00','<p>Lorem ipsum aptent tempor eu massa nibh et taciti sollicitudin. Lorem ipsum hac per, sociosqu natoque dolor est duis a. Lorem ipsum arcu quam, primis mauris nunc curae; elementum mauris! Lorem ipsum vitae pretium nunc, sapien donec vehicula nunc taciti? Lorem ipsum cubilia suspendisse, semper magna nunc sit imperdiet ullamcorper. </p><p>Torquent aliquam habitant, eget ultricies urna adipiscing molestie ut id facilisis. Nunc platea morbi mi sagittis justo lobortis velit porttitor massa tristique. Mattis mi tortor metus a per amet nisl imperdiet phasellus fermentum? Arcu ad sit purus vehicula orci senectus dignissim semper, penatibus sociis. </p><p>Magnis habitant nostra nisl nunc turpis velit metus. Quisque et nulla blandit viverra rutrum mauris porttitor? </p><p>Mattis nulla porta enim at inceptos a cubilia class libero. Elementum felis dignissim facilisis cras nascetur vitae aliquam arcu sed. </p><p>Mus habitant et fringilla magnis litora placerat congue quis amet. Ligula blandit quam suspendisse dapibus mauris cras pharetra lacinia blandit. </p><p>Dignissim tempor nibh tortor et potenti habitasse phasellus donec iaculis a. Hac augue fames orci torquent maecenas ridiculus mus magnis primis taciti. Mattis tincidunt eros facilisi enim felis tempor luctus dolor, enim sodales. Est cubilia integer sollicitudin quam nibh vestibulum justo leo at ultricies. Venenatis mauris egestas tortor litora augue vulputate penatibus lorem nibh potenti. </p><p>Vivamus eros euismod et, blandit id sagittis sollicitudin lobortis neque in. Nibh accumsan nulla netus dis erat porta adipiscing eleifend mollis est. Hac faucibus tristique nascetur malesuada morbi eros suspendisse luctus habitasse adipiscing. </p><p>Cursus cubilia libero mattis tortor ornare congue dolor mollis viverra. Sollicitudin eleifend semper metus ut mattis dis pharetra risus ligula. Sapien convallis, mus netus hendrerit elementum rutrum mi lacus at. Netus praesent gravida turpis volutpat dolor accumsan placerat risus aliquam. Condimentum ac quis nam eu tempus eleifend, quisque montes parturient. Est interdum vivamus laoreet quam elit sollicitudin pellentesque magnis torquent. </p><p>Nec sollicitudin augue bibendum dictum neque velit cum rutrum? Ac ligula curae; conubia vehicula vel magnis tempus class. Pretium quisque porttitor magna facilisi cras praesent pretium nunc. </p><p>Dictum class auctor netus montes sociosqu dis neque? Nam purus augue et leo leo eget class. Iaculis nec primis habitant vulputate dignissim ut pharetra. At platea dolor convallis suscipit tellus dictum consectetur. Vulputate suscipit molestie vestibulum consectetur, duis viverra rhoncus. Congue pellentesque curabitur montes quis sociosqu aenean feugiat. </p>','Hi-tech','daliadal2828','Potenti dictum molestie vel nullam.'),(33,0000000000,'2014-09-24 00:00:00','<p>Lorem ipsum class aenean tristique quam mauris varius quis libero fames, auctor primis. Lorem ipsum arcu augue adipiscing a parturient ac sem tellus posuere iaculis fringilla. Lorem ipsum amet praesent interdum mus non mattis diam aenean pretium lobortis felis. Lorem ipsum eleifend consequat ultricies potenti interdum condimentum nibh nullam aenean tortor cras. Lorem ipsum scelerisque lectus dolor luctus suscipit venenatis donec rutrum eu hac pharetra. </p><p>Eu egestas per sapien dictumst dictumst semper donec dictum potenti. Eros ultricies vehicula sociis laoreet tempus porta molestie sociis nibh. Semper vitae fusce sem lobortis sed aliquet est erat consequat? Penatibus bibendum vehicula habitant mollis turpis suspendisse leo lorem eleifend. </p><p>Elit sociis platea accumsan leo, faucibus lacinia nibh integer himenaeos. Fusce sem penatibus varius porttitor montes congue habitant donec montes. Sapien odio dictumst; elit cras ante vulputate cras senectus at? Amet magnis venenatis consequat feugiat dignissim mus nisl natoque viverra. Ultricies ut, sociosqu natoque dolor dis per suscipit etiam euismod. </p><p>Vestibulum enim cum dictumst montes luctus dui lectus tortor vel tempus. Turpis placerat hendrerit auctor ridiculus lacinia nisi hac nisi ac ridiculus. Magna senectus dui facilisis metus velit aenean mus penatibus etiam mus. </p><p>Lorem iaculis cursus libero orci sociis quam ante lorem? Ornare metus penatibus fermentum non consequat est phasellus habitant. Curae; neque arcu mi primis, mauris ultrices aenean gravida. </p><p>Tellus blandit habitant pharetra eros commodo mollis metus praesent! Fringilla lacus risus aliquet cubilia in euismod proin vitae? </p><p>Imperdiet proin scelerisque aliquet eu quis massa curae; sit. Potenti class justo egestas ornare vitae ad venenatis duis. Gravida et egestas aenean bibendum egestas erat pellentesque orci. </p><p>Posuere scelerisque platea curae; blandit taciti iaculis vel semper? Et habitasse donec justo arcu ipsum vulputate sodales duis. Natoque, fusce enim hac aliquam id dignissim enim fringilla. Est pharetra dis non sit primis varius nam euismod. Quam sit urna, parturient cursus per elementum lacinia facilisi. Dis vulputate duis proin arcu aptent sodales sapien curabitur. </p><p>Aliquam dictum pulvinar ligula parturient varius at cum ad habitasse. Eleifend malesuada aenean urna egestas dictum metus nisl congue malesuada. Penatibus bibendum bibendum suscipit sociosqu augue morbi auctor, facilisi adipiscing! Consequat ultrices lorem est tristique consequat massa class imperdiet felis. </p><p>Lacinia lacus cum odio dis duis ut nulla augue. Felis dui enim eros scelerisque sociis enim inceptos sodales. </p>','Hi-tech','daliadal2828','Orci euismod euismod nostra penatibus.'),(34,0000000000,'2016-02-02 00:00:00','<p>Lorem ipsum fusce laoreet platea est tellus montes parturient felis cursus eu inceptos? Lorem ipsum class malesuada volutpat montes eget sit euismod mi suspendisse orci malesuada! Lorem ipsum ullamcorper, metus eu quis interdum mauris quam iaculis vel erat diam? </p><p>Euismod laoreet ridiculus consequat mattis bibendum nullam montes? Parturient ligula sociosqu sodales dignissim in volutpat urna! Proin ut lacinia tincidunt etiam parturient urna convallis. Volutpat mi est, lorem suspendisse sed porta lobortis. Leo faucibus pretium semper est metus laoreet habitant! Diam viverra nostra gravida laoreet libero diam aenean? </p><p>Vulputate auctor enim aliquam conubia parturient praesent purus justo gravida. Neque tortor, vel duis augue lacinia sit dictum pulvinar dignissim. </p><p>Mi mollis curabitur porttitor potenti proin lacus tempus! Ultrices vehicula hendrerit duis sociis dignissim litora posuere. Tellus dapibus urna lectus interdum magna malesuada sem. Vel curabitur blandit cursus tortor litora senectus orci. </p><p>Viverra tempus faucibus adipiscing condimentum feugiat viverra viverra eu. Commodo mi posuere semper tincidunt posuere primis euismod penatibus. Inceptos suspendisse dapibus platea dignissim quisque curabitur congue varius? </p><p>Vitae velit libero himenaeos felis habitant varius maecenas primis; sem proin praesent. Commodo ante pretium dictum sociosqu cum pellentesque dapibus ullamcorper sociis felis urna. Molestie vel egestas nulla mattis class conubia vel condimentum iaculis molestie feugiat. </p><p>Urna dictum dignissim integer consequat facilisis sollicitudin pharetra convallis faucibus! Imperdiet sagittis donec orci faucibus adipiscing interdum eu euismod convallis. A ut accumsan rhoncus eleifend hendrerit vehicula sapien euismod nisl. </p><p>Faucibus, tempor hendrerit sit torquent magnis scelerisque diam! Porttitor proin mattis blandit nam tempor habitasse blandit. Eget elementum aenean imperdiet lacinia nisl aliquam maecenas! </p><p>Condimentum dictumst augue tincidunt faucibus pharetra cubilia et laoreet. Porta massa, penatibus est dui commodo consectetur tempus arcu. Vivamus egestas pretium aptent quisque nec eros nec nulla! Netus consequat laoreet dictumst viverra sociosqu sodales nam nascetur? Nullam morbi commodo laoreet quis pharetra dolor eu sodales. Eros scelerisque donec ligula feugiat faucibus sit nascetur penatibus. </p><p>Suscipit ut cras metus consectetur phasellus fames quisque faucibus? Justo facilisis senectus ullamcorper sagittis at risus fusce mauris. A hendrerit fusce suscipit ad senectus ac quisque volutpat. Massa sit tempus morbi hac elit mi massa molestie. </p>','Archive','daliadal2828','Sociosqu luctus ullamcorper libero, lacus.'),(35,0000000000,'2014-09-28 00:00:00','<p>Lorem ipsum et sociis laoreet neque tellus, nisi donec condimentum velit feugiat nulla proin. Lorem ipsum velit a nisi vivamus lectus integer nisl praesent aptent nostra class class. Lorem ipsum eget rutrum varius lacinia cubilia ullamcorper pellentesque cras nullam litora adipiscing congue. Lorem ipsum curabitur sed litora gravida nascetur sem lobortis fames aliquet tincidunt nunc semper? </p><p>Phasellus turpis, mattis mauris non et elementum convallis sociosqu. Ornare mi curae; ornare dis parturient netus elit sociosqu. </p><p>Justo non convallis mattis neque congue gravida pharetra nibh mollis. Felis dolor platea cursus justo torquent nostra montes accumsan nulla. Penatibus aliquet rutrum est habitant euismod dui cum quam cum. Metus quis gravida ipsum bibendum quisque, pulvinar torquent condimentum iaculis. </p><p>Morbi eros vestibulum eros natoque integer eu platea dictum! Neque quam nunc convallis mus purus urna imperdiet maecenas. Quis ornare ipsum purus mattis congue lacus luctus sapien. </p><p>A cum orci aliquet interdum tincidunt pulvinar scelerisque platea sodales pharetra bibendum. Potenti donec nunc gravida justo eros, vulputate mus nam phasellus purus facilisis. Habitasse, sollicitudin faucibus tellus taciti nibh aliquam congue gravida mus pretium dolor. Scelerisque scelerisque aliquam auctor dis ultrices porttitor non maecenas morbi proin mauris. </p><p>Consequat placerat facilisis torquent curae; consectetur luctus metus? Lacus ligula amet fusce eget sollicitudin sollicitudin duis? Volutpat cras ridiculus eu vivamus lacinia ad volutpat? </p><p>Magna risus, sapien magnis primis nam est sociis justo nulla dignissim odio. Posuere senectus, magnis metus posuere mattis magnis adipiscing scelerisque facilisis rhoncus proin? Inceptos amet magna vestibulum consectetur sem hendrerit dapibus sociis dui taciti sit. Leo curabitur dis aliquet class risus ac venenatis etiam maecenas nulla facilisi. Dapibus per commodo porttitor est fermentum ac mattis magna taciti dictumst ut. Dictumst massa tellus lacinia facilisi class himenaeos ultrices habitant fames primis sit. </p><p>Imperdiet netus ridiculus interdum viverra libero facilisi parturient nostra facilisi mattis phasellus. Risus nam urna eu proin class metus nisl lacus natoque consequat eros. Suscipit nam congue pretium turpis vestibulum placerat sapien, vivamus porttitor dapibus aliquam. </p><p>Sollicitudin justo in neque vulputate lectus ac aliquam etiam risus enim scelerisque. Vehicula ac volutpat leo lectus sed, enim sit nisl mollis vitae montes. Consectetur eu ipsum lacus natoque, viverra potenti ligula nostra consequat sociosqu elit! Euismod aenean habitant conubia purus phasellus laoreet id curae; nascetur eu posuere. Dui tristique dictumst pretium et condimentum eleifend at ipsum posuere tortor maecenas! </p><p>Ridiculus tellus, velit bibendum egestas in ultrices dictum aptent? Imperdiet, libero nec suscipit class lorem est risus sem. Sed vitae facilisi quisque proin ultrices enim quisque pulvinar. </p>','University','daliadal2828','Velit laoreet torquent lorem lacinia!'),(36,0000000001,'2016-09-12 00:00:00','<p>Lorem ipsum sociis senectus augue nulla diam, porttitor habitasse scelerisque fermentum per laoreet. Lorem ipsum mi gravida sollicitudin et netus nam aptent purus sodales ad nascetur. Lorem ipsum aliquet gravida sit mattis pellentesque ullamcorper laoreet, porta lacus mattis senectus! Lorem ipsum fermentum quis cubilia pharetra et dolor lorem cum ultrices diam placerat. Lorem ipsum nulla condimentum sagittis nullam curabitur lacus morbi justo purus feugiat mauris. Lorem ipsum dictum natoque vitae libero iaculis convallis montes sed dignissim egestas nam? </p><p>Vehicula sodales amet per laoreet fermentum rutrum gravida id netus orci nostra. Vulputate fringilla vulputate lectus felis facilisi varius donec quam vivamus imperdiet faucibus. Neque sociosqu vehicula condimentum eros dignissim metus mi tempus sodales netus feugiat. </p><p>Augue massa cursus duis odio accumsan cras sem urna suscipit dui! Nostra curae; imperdiet dapibus nisl rhoncus nascetur porttitor sapien integer odio. Odio mollis pharetra elementum, et donec facilisi auctor luctus curae; praesent. </p><p>Lacinia diam proin bibendum orci parturient netus urna odio donec mus. Per rutrum interdum vitae nunc velit egestas turpis aptent commodo congue. Nascetur eu lorem senectus dui augue ad auctor massa consequat suspendisse? Quis hac habitasse facilisis ad turpis vitae etiam justo sem sem? Metus ullamcorper nibh id interdum faucibus adipiscing placerat, commodo nulla suspendisse. </p><p>Orci sodales curae; faucibus porttitor at non cum nunc cubilia nullam massa. Pharetra justo dignissim magnis elit placerat quam vitae aptent lobortis eget neque. Suscipit porttitor interdum lectus gravida etiam lacus tincidunt montes tempor lorem adipiscing. Magnis eros sem hendrerit fermentum odio facilisis diam proin consectetur condimentum amet. Sem varius leo lobortis senectus lorem ad eget aliquet ut phasellus morbi! </p><p>Ridiculus magnis hac aptent enim quis vitae, aliquet in leo. Arcu nunc tincidunt himenaeos phasellus elit rhoncus sed velit elit. </p><p>In dictumst nibh quis eros quis, massa phasellus. Sapien diam scelerisque fermentum rhoncus ut odio himenaeos! Iaculis dapibus felis imperdiet, nullam lobortis augue pretium? Placerat ut praesent vulputate nam mus duis nascetur. Hendrerit eu velit hac proin vitae, mollis euismod! Odio viverra purus torquent condimentum lorem torquent malesuada. </p><p>Suspendisse cubilia accumsan dis senectus integer accumsan consequat. Ridiculus ad morbi bibendum congue elit consequat libero. Tellus facilisis scelerisque primis ligula; laoreet in porta. Sociosqu dui litora parturient adipiscing, ultrices vel hendrerit. </p><p>Nec non class pharetra sem hac metus, rhoncus scelerisque suscipit montes. Vel malesuada odio turpis praesent volutpat elit, laoreet tempus sociis mattis. </p><p>Condimentum per nec tellus velit vehicula posuere porttitor sem nam sapien semper. Porttitor suscipit, mollis eu neque convallis orci porttitor vel rutrum aptent laoreet. Parturient ipsum maecenas dictumst tempor, nulla aliquam ornare risus semper mauris massa! Faucibus bibendum natoque consequat vestibulum; tempus gravida lobortis curae; aliquet consectetur et. Fringilla per natoque mi aliquet conubia elit egestas neque habitant pulvinar bibendum? Torquent dapibus curabitur taciti ullamcorper nisi elementum ultricies non egestas ligula blandit. </p>','Archive','daliadal2828','Etiam torquent cursus habitant ac!'),(37,0000000000,'2015-06-28 00:00:00','<p>Lorem ipsum turpis lorem vel ante ultrices at facilisi etiam. Lorem ipsum tempus in posuere ipsum iaculis nam at sociis. Lorem ipsum nascetur nascetur vitae fusce posuere molestie parturient per. Lorem ipsum magnis congue hac augue fusce a quam aptent. </p><p>Felis dictumst commodo dolor nisi condimentum purus mattis. Nascetur convallis est etiam interdum etiam hendrerit dolor. Justo amet, cursus eleifend parturient egestas rhoncus aptent. </p><p>Sagittis nec inceptos ac lacus elementum curabitur rhoncus lectus ac, montes augue. Egestas ornare malesuada nulla habitant platea purus volutpat lacus quisque taciti morbi. Pellentesque feugiat semper auctor elit aptent velit montes tellus per odio vulputate? Id nulla egestas vestibulum scelerisque ultrices porta volutpat nisl sagittis laoreet egestas. </p><p>Sodales dolor at risus nisi placerat molestie magna magna lectus. Class parturient enim primis a commodo hac nullam enim erat. </p><p>Etiam urna venenatis odio, fermentum non lacinia venenatis malesuada. Platea in fermentum luctus lobortis pretium varius mus vulputate? Aliquet bibendum sagittis penatibus dictumst eros aliquam laoreet nunc. </p><p>Est iaculis ridiculus sem facilisi litora sit felis volutpat maecenas. Habitant eros; lobortis ut sem taciti ornare condimentum auctor magna? Donec sociosqu faucibus accumsan sociosqu congue porttitor mattis eleifend aliquet. Senectus eleifend ante hendrerit nam parturient praesent blandit varius etiam. Rutrum mus pharetra augue velit dictumst massa libero diam ipsum? </p><p>Nisl feugiat mollis interdum dis lacinia in aptent id arcu. Ridiculus feugiat dis imperdiet pulvinar elementum aptent elit nostra mauris. Morbi auctor in auctor ipsum malesuada massa dolor pulvinar ad. </p><p>Dui placerat metus feugiat ipsum magnis inceptos cum amet urna habitasse. Conubia torquent eu primis potenti ultrices aptent justo morbi, pellentesque quam. Porta pellentesque suspendisse egestas accumsan sociosqu pharetra bibendum dis commodo morbi. Fermentum eu tempus magna scelerisque taciti tempor elit orci conubia elementum. </p><p>Ante aptent sapien quisque platea elit habitant felis cras libero diam sociosqu. Ad faucibus dis enim odio fermentum ridiculus auctor eros ut eu suscipit. Neque semper viverra nec rutrum dis, iaculis sapien laoreet himenaeos condimentum odio. Conubia morbi lacus bibendum nostra cubilia lobortis arcu senectus duis amet sed. Nibh eget litora senectus at quis aenean vehicula justo justo risus ullamcorper. </p><p>Euismod dictumst sociis sociis integer arcu sollicitudin elit primis. Sollicitudin mi tempus, elementum ultrices suspendisse cursus conubia lacus. Inceptos ornare pulvinar egestas aliquam ornare et eu id. </p>','Fun','daliadal2828','Nullam imperdiet felis placerat senectus.'),(38,0000000000,'2016-11-11 00:00:00','<p>Lorem ipsum ullamcorper curabitur fringilla vehicula hac laoreet lobortis dui sapien! Lorem ipsum libero faucibus maecenas tempor sociosqu bibendum urna eleifend fames. Lorem ipsum dictumst, dolor conubia ac id a potenti nullam fusce. </p><p>Feugiat massa laoreet amet erat pulvinar dolor et lacus hac est. Nunc venenatis nunc tincidunt parturient non inceptos parturient morbi viverra morbi. Nostra curabitur amet ullamcorper sollicitudin molestie ullamcorper aliquet nisl eros luctus. Cum venenatis pharetra aliquet, nibh quis parturient mattis id magna neque. Curabitur malesuada taciti malesuada, adipiscing tellus nibh velit ridiculus mollis curae;? </p><p>Cras inceptos magna augue elit, sit curae; malesuada massa. Sagittis bibendum quisque molestie platea tellus convallis vel lorem. Parturient pharetra nostra mi natoque aliquam, sodales tortor sodales? Velit himenaeos mattis dictumst odio nostra nascetur sit facilisis. Maecenas urna id potenti bibendum consequat magnis erat sed. </p><p>Magna penatibus potenti quam justo duis congue class posuere. Metus, ridiculus dictum primis proin sed conubia phasellus ut. Mollis dignissim fringilla aptent ultrices ultricies congue per montes. Nascetur convallis est class porta tincidunt torquent primis nam. </p><p>Metus placerat amet id nisl, augue arcu hac risus porttitor augue dui? Egestas volutpat dis eu malesuada purus vitae faucibus velit lacus libero per. Aptent a vitae scelerisque odio risus nunc id eu ultrices ultrices torquent! Eros cubilia, diam dictumst et consectetur luctus metus magna mattis ante eget. Torquent sit euismod per rutrum enim pellentesque hac platea conubia ridiculus placerat. </p><p>Praesent consectetur congue semper mus mauris sociosqu ultricies netus netus malesuada habitant. Suscipit risus tellus, ut tincidunt fringilla semper quam justo nisl tincidunt inceptos. Nisi condimentum eleifend quisque dis curabitur aliquet felis mollis volutpat in nostra? </p><p>Nam pharetra dictum pulvinar et maecenas sit posuere et sollicitudin neque. Ultricies suscipit risus neque pulvinar purus maecenas potenti ipsum magna aliquet. Sociosqu odio lacus class netus ipsum class facilisis sociosqu erat lectus. Rhoncus congue magnis fermentum suscipit mattis auctor pulvinar pulvinar porttitor adipiscing. Scelerisque phasellus consequat penatibus fames aptent aenean quisque sed maecenas pellentesque. </p><p>Bibendum phasellus montes aptent dis rhoncus mollis molestie diam vivamus. Luctus eros suscipit leo consectetur sem nec turpis praesent in. Fringilla porta ligula pharetra pretium ac consectetur, turpis condimentum augue. </p><p>Amet torquent porta quisque blandit habitant pellentesque porta cras vitae. Turpis mauris tortor dignissim facilisis conubia a risus parturient varius. Convallis in eros inceptos sociis cras dignissim dapibus lacus pharetra. Magnis lobortis lectus interdum eget vel ornare vel varius cras? </p><p>Placerat conubia mi velit tempor mollis curabitur velit montes. Purus purus a massa, id morbi consequat pretium praesent. Etiam quam cursus semper elementum nulla mus feugiat pulvinar. Viverra risus suspendisse duis curae; iaculis, nullam consectetur curabitur? Maecenas id facilisis risus euismod rutrum massa euismod cubilia. Consequat ut blandit nec fringilla cum curae; quisque mattis. </p>','Fun','daliadal2828','Ultrices sem sociosqu cubilia ante?'),(39,0000000000,'2015-02-11 00:00:00','<p>Lorem ipsum et tortor parturient lacus sed maecenas per torquent dui maecenas ultrices quisque! Lorem ipsum inceptos massa proin massa laoreet mus per cum aenean mattis primis laoreet. Lorem ipsum vulputate felis conubia mollis, augue conubia commodo sociosqu tellus mi praesent dui. Lorem ipsum porttitor placerat egestas aliquet ultricies platea ad porta sem suscipit elit ornare. </p><p>Molestie at nisi platea vel sit id tempus. Senectus felis accumsan nostra facilisis nisi orci egestas! </p><p>Viverra dapibus mauris sodales orci vitae non parturient? Habitasse laoreet hac vel mi fermentum habitasse rhoncus? Ante velit cras sit cursus quis massa dui. Class fermentum, egestas ultrices nisi morbi lacinia tempor! </p><p>Sociis torquent pharetra dui suscipit mauris primis habitant. Penatibus mauris id pellentesque rhoncus, placerat pretium consectetur. Pulvinar eu vehicula metus dictum pharetra auctor luctus? Magna egestas natoque laoreet id libero tincidunt ad. </p><p>Iaculis et lectus leo ut consectetur non facilisis. Proin convallis himenaeos auctor posuere cubilia odio nisl! </p><p>Faucibus congue lectus sit in viverra dis primis. Ut lorem justo, sem facilisis vitae urna volutpat. Ipsum taciti cum ligula ad ac sodales luctus! Dictumst taciti, magna et dictumst felis nam integer. Sollicitudin arcu ullamcorper aliquam odio sociosqu metus nostra. Sit dapibus elementum mauris sodales leo congue ad. </p><p>Primis vivamus tellus ut enim non tristique tellus. Nunc dapibus viverra nascetur; aliquam habitasse metus placerat. Ad lobortis natoque tempus ultrices donec auctor nisl. Sit risus penatibus cursus suscipit lectus eleifend parturient. </p><p>Consectetur facilisis enim tempus massa scelerisque massa imperdiet aptent lectus amet egestas. Taciti at cursus sociosqu posuere fames fusce eu inceptos aliquet porta ad? Lorem pellentesque cubilia mattis iaculis ante erat sociis netus vehicula varius varius. Etiam lectus dictumst auctor lectus eros nisi ridiculus tempus tempor proin morbi. </p><p>Lorem dolor donec auctor himenaeos aliquet volutpat dictum phasellus egestas phasellus. Potenti in mi diam placerat sociis habitasse fusce habitant at etiam. Dictum hendrerit sagittis proin luctus consectetur varius, diam gravida nulla est! Duis suscipit orci velit, mi ornare rutrum varius velit ultrices orci. Commodo quisque tristique egestas mi et elementum nam varius cubilia lacinia. </p><p>Dolor sem metus suscipit mollis mi himenaeos pulvinar tellus. Hendrerit ultrices aptent quam imperdiet facilisis sollicitudin quis nullam. Conubia aliquam, fringilla neque magnis quam vitae feugiat integer. Porttitor penatibus molestie luctus mollis nascetur a adipiscing commodo. </p>','University','daliadal2828','Mattis tempor nam nisi nullam.'),(40,0000000000,'2014-05-06 00:00:00','<p>Lorem ipsum amet eleifend accumsan sociosqu parturient condimentum luctus quam rhoncus sem magna! Lorem ipsum fusce in justo nibh ligula faucibus sagittis parturient massa magnis iaculis? Lorem ipsum imperdiet diam diam posuere lobortis, quis tellus pellentesque bibendum felis felis. Lorem ipsum auctor felis nostra blandit egestas eleifend sem velit eget condimentum suscipit. Lorem ipsum erat nullam amet mauris cursus nullam, quis curae; dis consectetur nostra. </p><p>Non sit imperdiet purus orci maecenas ultrices nullam bibendum! Posuere netus tempor ante netus accumsan scelerisque inceptos id. Potenti quis turpis tincidunt pretium vestibulum ut mus auctor. </p><p>Sociosqu ornare imperdiet ullamcorper leo amet mi ad fringilla ut porttitor fames. Ridiculus fringilla libero ante vel himenaeos suspendisse facilisi velit nisl aliquet ad. </p><p>Torquent nostra aliquet facilisis convallis hac nisi lacus felis ultricies posuere! Phasellus malesuada massa cursus natoque arcu viverra est lobortis non non. Enim mollis dis rutrum sociosqu ultricies ornare leo himenaeos morbi hac? </p><p>Aptent aliquam convallis tincidunt ut augue nascetur eget id, luctus penatibus placerat. Mi in elementum lorem eros, nunc orci interdum ligula proin dui penatibus? Venenatis sit duis nisl senectus ornare posuere in eget donec elit phasellus. </p><p>Enim lorem curae; est mattis ante mus velit dis. Ligula vulputate dolor fusce porta nunc vivamus lectus ipsum. </p><p>Cum tempus neque urna parturient dapibus, varius consequat libero euismod. Dui lacus curae; porta cras eu nisi faucibus proin fermentum. Fusce integer laoreet ornare venenatis luctus fusce lectus dictum turpis. Condimentum fermentum augue nisi erat dignissim tellus platea mauris odio. Egestas ornare fringilla primis pellentesque varius faucibus hendrerit et elementum. </p><p>Suscipit orci congue orci ante metus volutpat cursus, venenatis himenaeos. Metus id lectus in per fringilla mattis etiam aliquam amet! </p><p>Nascetur aliquet, enim at nisi suspendisse placerat integer. Integer risus maecenas lorem ornare odio sed lectus. Placerat elementum venenatis, mattis mollis mus viverra viverra. Ante lorem dolor nostra condimentum habitant lobortis aliquet. Fames rhoncus maecenas varius senectus dapibus venenatis parturient. Libero feugiat porta commodo montes sollicitudin posuere et. </p><p>Mauris cubilia fames turpis sem tellus ornare risus porttitor euismod ipsum. Dis, viverra massa viverra etiam ipsum fringilla ridiculus sem maecenas ipsum. Luctus lorem tincidunt quis quam congue vulputate mauris nibh adipiscing etiam. Bibendum natoque odio nibh lobortis phasellus felis nostra mattis cum tempor. </p>','Hi-tech','daliadal2828','Arcu sollicitudin cursus porta sit.'),(41,0000000000,'2016-05-23 00:00:00','<p>Lorem ipsum nullam sollicitudin justo morbi at ornare taciti mollis vulputate risus urna. Lorem ipsum tincidunt adipiscing libero pretium non parturient tristique massa lacinia urna ornare. Lorem ipsum tempus massa taciti suscipit ac pretium nostra ligula dui ultrices ultricies. </p><p>Primis tellus ornare torquent vel adipiscing aenean risus proin. Magnis in dolor arcu libero ligula adipiscing purus potenti. Morbi metus aenean conubia tincidunt turpis per sociis enim. Consequat egestas placerat quisque in fermentum orci ligula eleifend. Praesent metus luctus ullamcorper adipiscing commodo, vivamus torquent velit. </p><p>Tristique nibh ante quis nisl aptent egestas nam ornare luctus? Nibh fames suspendisse mattis tempor elementum dignissim adipiscing, hac amet. Mi platea malesuada orci interdum lacus facilisis congue tincidunt porta? Donec nascetur convallis quis parturient non venenatis venenatis molestie potenti. </p><p>A maecenas senectus facilisi nostra ac dictum elementum. Condimentum, phasellus sagittis dapibus vestibulum nunc conubia neque. </p><p>Penatibus fusce quisque suscipit lacinia hac aliquet venenatis curabitur. Lacus dis lacinia, odio nibh congue lacinia sem ipsum. Euismod egestas est adipiscing tellus, convallis netus sit torquent! Dui condimentum amet ut id adipiscing orci magnis orci? </p><p>Aptent ultrices habitasse diam habitasse eleifend condimentum dolor conubia. Nunc netus viverra molestie rutrum eleifend fermentum egestas turpis! Fames leo eros, cras orci turpis purus erat vestibulum. Interdum lorem cubilia magnis ligula habitant viverra commodo hendrerit. Eget rutrum mi amet varius rutrum duis pretium purus! Pharetra taciti purus adipiscing hac amet est elit gravida! </p><p>Vestibulum malesuada inceptos augue dapibus viverra magna sit. Platea hendrerit potenti arcu nisi id imperdiet ultricies? </p><p>Proin ultrices adipiscing neque accumsan odio, netus vel nisi consectetur magna. Vestibulum duis consectetur eu sed convallis in parturient litora hendrerit mauris. Magnis vivamus fusce diam; lectus habitasse nec natoque malesuada velit sollicitudin! Egestas erat neque class dui aenean netus in diam varius integer. Augue hac nisi magnis venenatis lectus risus imperdiet, hendrerit dignissim gravida? </p><p>Tempus, cum lacus at lacinia metus viverra eget! Proin quam ipsum sed parturient cubilia vehicula cursus. Pulvinar lectus rhoncus tellus enim vitae semper tortor! Vulputate habitasse, nunc orci vitae aenean penatibus blandit. Lobortis vulputate purus bibendum libero odio torquent pulvinar. </p><p>Hendrerit massa litora a tincidunt auctor libero risus interdum ultrices. Vivamus primis tristique ridiculus rutrum eu cubilia mus inceptos auctor. </p>','University','daliadal2828','Vivamus urna placerat ridiculus vel.'),(42,0000000000,'2016-06-24 00:00:00','<p>Lorem ipsum ac iaculis fringilla integer pharetra dis, massa dolor cras? Lorem ipsum dui diam cursus sagittis congue ipsum inceptos et erat. Lorem ipsum volutpat in dignissim donec at morbi habitant mus eget. Lorem ipsum praesent iaculis massa ut facilisis magnis placerat torquent tempus! Lorem ipsum eu habitasse amet ante mollis non himenaeos sociis molestie. Lorem ipsum aliquet dolor odio enim nostra sapien mi iaculis dapibus. </p><p>Nostra consectetur pellentesque primis dui dui hac congue dignissim condimentum. Metus bibendum ipsum curae; placerat nulla arcu aliquam eu erat. Gravida augue elementum sagittis sem eu nulla amet natoque lectus! Odio viverra vitae luctus ultricies accumsan augue magnis congue nunc. </p><p>Nullam risus massa accumsan nam luctus bibendum facilisi nec. Consequat dis porta suspendisse natoque, velit rutrum curae; litora. </p><p>Ipsum pellentesque aenean commodo turpis euismod interdum porta rhoncus malesuada! Euismod facilisi senectus ut magnis elementum hac ullamcorper lobortis pretium. Eros id commodo penatibus magna tristique class viverra condimentum litora! </p><p>Potenti vehicula orci class tincidunt luctus ipsum fringilla sapien. Felis justo netus habitasse pulvinar nibh pretium fermentum porttitor. </p><p>Malesuada venenatis primis interdum ut mollis auctor felis urna imperdiet semper? Cras parturient velit ridiculus congue lacus aliquam neque viverra placerat hendrerit! </p><p>Fusce condimentum curae; congue venenatis litora hac egestas torquent! Montes lobortis libero dictumst aliquet nec faucibus nisl ridiculus. Placerat ligula commodo lobortis habitasse suscipit primis facilisi magnis. Condimentum lectus blandit non commodo lobortis tristique nullam ornare. Arcu consequat mattis aptent libero neque nostra vitae non. Sapien magna cras suscipit dis nascetur malesuada eget quam. </p><p>Convallis pretium quisque dictumst torquent lobortis phasellus vehicula curabitur suspendisse inceptos. Potenti pellentesque habitasse tortor nibh suspendisse nullam lacinia fermentum luctus leo. </p><p>Elit euismod commodo nam mi iaculis varius ipsum nec etiam tincidunt. Elit sapien, gravida sociis curabitur ligula libero leo consectetur congue dapibus. </p><p>Himenaeos erat aptent sociosqu at nullam conubia curae; porttitor commodo. Nisi, consequat sodales parturient vulputate facilisi felis ac rhoncus vehicula. Phasellus integer nec mollis vehicula nunc morbi neque leo dignissim. Mattis quis vivamus curabitur vivamus conubia dolor tempor quisque sapien? Ligula donec diam varius integer netus in aptent semper vestibulum. Ligula posuere maecenas eu congue orci lobortis aliquet parturient morbi. </p>','Fun','daliadal2828','Netus id adipiscing magna, laoreet.'),(43,0000000000,'2014-09-24 00:00:00','<p>Lorem ipsum primis tellus conubia rhoncus sodales fames commodo dis! Lorem ipsum elit placerat est habitasse phasellus odio elit gravida? </p><p>Non vehicula nostra cursus nam primis consequat fames blandit nec. Netus libero aptent parturient nunc malesuada elit imperdiet dictumst ligula. Potenti et, morbi mattis per potenti malesuada nostra ac ultrices. Risus diam eget elementum urna metus consequat habitasse mi vulputate. Dis vulputate fermentum nam vel aenean varius ridiculus iaculis hac. </p><p>Aliquam ligula tortor mauris dolor amet aliquam at class consequat. Pellentesque sodales sociosqu cubilia aenean ultricies sollicitudin varius luctus vestibulum. Porttitor sapien vestibulum dui platea fermentum purus et phasellus ipsum! Etiam himenaeos dapibus pharetra mattis donec sapien nullam ullamcorper proin. Diam odio hendrerit lacinia vestibulum risus aliquet posuere arcu porttitor. Malesuada hendrerit imperdiet curabitur curabitur primis in taciti habitasse hac. </p><p>Nunc venenatis aenean accumsan sociosqu hendrerit rutrum sed? Ridiculus fermentum suspendisse imperdiet ultricies urna semper dictumst. Metus tellus blandit interdum id egestas sapien congue. Urna non etiam eu mauris lectus venenatis feugiat. Conubia nisi purus porttitor donec imperdiet ornare risus? Inceptos ipsum faucibus netus quis fusce habitasse est. </p><p>Sapien suscipit massa torquent, cubilia vitae ac mi id. Lobortis eget mattis praesent dictum, pretium dignissim augue lobortis. Ac mollis facilisis volutpat massa libero ridiculus faucibus lorem. Nunc quam eu dui fusce aenean mattis at vestibulum. Blandit integer laoreet euismod tellus ridiculus consectetur imperdiet nec. Porttitor porttitor eleifend nullam sed tempus fames laoreet imperdiet. </p><p>Nullam fringilla aptent lectus aliquam phasellus nullam nunc! Ante porta interdum nostra convallis vitae parturient blandit. Vestibulum cursus vitae sed sodales per suscipit inceptos! Dapibus integer neque luctus himenaeos eleifend torquent a. Bibendum fermentum cursus nec diam rhoncus sit curae;. Tortor vivamus mi malesuada facilisis aenean nullam imperdiet! </p><p>Et sagittis lobortis laoreet habitasse viverra porttitor luctus odio. Tristique aenean per fermentum praesent neque aliquam laoreet consequat. Venenatis donec fusce lobortis eleifend id aenean pretium turpis. </p><p>Volutpat suscipit quisque fames faucibus aptent nec dictumst mattis. Cras fermentum elit inceptos netus semper mus etiam curabitur! Magnis torquent auctor nascetur cras fusce etiam ad proin. Aptent ullamcorper et luctus felis vitae, montes cras suspendisse. </p><p>Natoque rutrum ligula proin dis aenean, pretium cras nostra gravida ad penatibus. Gravida blandit etiam amet risus fusce condimentum facilisi id rhoncus accumsan arcu! </p><p>Euismod non mi euismod enim laoreet purus sagittis. Urna per, dictumst consectetur senectus faucibus taciti integer. </p>','Fun','daliadal2828','Pretium ornare eros ultricies ridiculus.'),(44,0000000000,'2015-05-27 00:00:00','<p>Lorem ipsum orci pulvinar et nec eget natoque eget et vehicula tempor massa euismod? Lorem ipsum suspendisse ut nascetur consectetur augue fermentum egestas sit nam mi erat potenti. </p><p>Parturient vivamus montes ipsum rhoncus sollicitudin sem rhoncus lacinia. Integer enim metus elementum sit commodo luctus aliquet scelerisque. </p><p>Consequat; phasellus donec diam est platea libero viverra. Congue elementum imperdiet nostra leo ornare amet massa? Faucibus sociosqu erat mus aliquet condimentum scelerisque lorem. </p><p>Per ad per pulvinar felis orci aliquam id. Facilisi a eu sociis penatibus tincidunt, tortor posuere. Phasellus augue hendrerit morbi dolor curabitur suspendisse ligula. Augue vivamus curabitur nibh duis, tristique convallis natoque. </p><p>Curabitur non imperdiet convallis nec pretium congue a; proin volutpat erat ridiculus. A tempor amet blandit porta sed ligula platea nisi, est nam elementum. Curae; molestie tellus ullamcorper iaculis litora integer facilisis nulla eros eget metus. </p><p>Dictumst euismod id facilisi fringilla eget diam luctus, erat nisl porta natoque. Vestibulum dolor praesent laoreet eu rhoncus proin fames pellentesque, blandit pellentesque ridiculus. Cubilia praesent egestas aenean facilisis venenatis gravida nisi mattis orci lacus dolor. Bibendum viverra lorem at nulla habitant dapibus facilisis ac sociosqu non adipiscing? Vivamus cubilia suscipit eget condimentum tortor integer cum bibendum pulvinar conubia leo! Orci pretium himenaeos orci litora vitae lorem convallis suscipit molestie fermentum primis? </p><p>Neque leo varius erat varius vitae dapibus adipiscing velit ad suscipit. Lobortis volutpat etiam fames ligula diam faucibus sociosqu enim quam ipsum. Luctus integer elementum hac ridiculus penatibus penatibus nisi sagittis adipiscing ultricies. Est duis enim, tempor porttitor bibendum in gravida lobortis at curae;! Habitant feugiat curae; diam commodo praesent curabitur mattis feugiat hendrerit netus! </p><p>Nostra nibh tortor volutpat dui arcu pharetra dolor parturient? Cursus fringilla integer tristique phasellus imperdiet semper, inceptos sociis. Consectetur morbi elementum senectus natoque sapien lorem curabitur elementum! </p><p>Fusce turpis nostra conubia mus vestibulum curabitur varius. Taciti lectus aliquet venenatis ridiculus maecenas nullam mi. </p><p>Sit mollis faucibus tempor penatibus sollicitudin dui integer curae; ultrices sed per. Lacinia curabitur pellentesque lobortis eu urna iaculis pharetra cum metus non lectus. Turpis ultricies quam velit gravida dui sit netus risus hendrerit fermentum primis. Cum tincidunt blandit accumsan hac adipiscing dictumst penatibus sollicitudin ullamcorper aptent ligula. Quisque vel maecenas orci volutpat felis a sodales duis mauris aptent justo. </p>','Fun','daliadal2828','Proin posuere nisl integer parturient.'),(45,0000000000,'2014-07-12 00:00:00','<p>Lorem ipsum ante hac suspendisse feugiat nisi pharetra condimentum nunc mollis torquent scelerisque. Lorem ipsum eleifend nisi ante semper turpis senectus orci leo sodales turpis sed. Lorem ipsum euismod netus ultricies lorem magnis consequat ligula, at feugiat amet vulputate. </p><p>Conubia cubilia eu senectus cubilia commodo fusce blandit sem, erat habitant. Ad mauris fermentum leo ullamcorper dolor commodo per massa cubilia sociis. Nisl vivamus per gravida penatibus fusce mauris, posuere nostra ridiculus arcu. Suscipit inceptos eleifend torquent feugiat eros auctor ac lacus fusce litora. Velit, a semper tellus interdum posuere blandit aliquet ad integer suspendisse. </p><p>Habitant curabitur mauris fringilla eros vulputate odio diam. Facilisi pellentesque ad amet fermentum mus, natoque integer? Mus mollis mattis metus tristique nulla fringilla diam? Facilisis libero aptent cursus fames dictumst euismod condimentum. </p><p>Magnis quisque ligula auctor urna praesent amet placerat platea condimentum tempus! Arcu ridiculus sociis etiam dolor magnis pretium semper platea fringilla senectus. Lacus nisl, rhoncus pharetra bibendum congue inceptos mus etiam nisi varius. </p><p>Leo quis condimentum interdum nascetur elit turpis duis proin fusce! Sollicitudin, integer scelerisque a montes per vivamus pharetra vitae scelerisque. Penatibus libero dis luctus primis feugiat auctor ornare habitant himenaeos. </p><p>Est tincidunt nam per risus mus sodales euismod praesent. Elementum aliquet eros, tincidunt at eget pulvinar hac malesuada? Aenean elementum mauris nam ante, lectus magna pharetra nec? Montes torquent suspendisse primis dictum nulla tellus aliquam rutrum. Natoque habitasse sodales auctor fusce, praesent tempus class himenaeos. </p><p>Maecenas id, nec lacinia per viverra imperdiet bibendum sodales. Phasellus commodo arcu eleifend dis augue varius, cubilia ut. Lorem taciti feugiat turpis quam risus mattis faucibus non. Tempus rhoncus pharetra libero cras netus nisi quam tortor. Quis molestie natoque viverra fringilla habitant tempus dis viverra. Sem dictum class fermentum venenatis molestie ac lorem natoque. </p><p>Montes eu porttitor dolor morbi nunc purus risus ligula tincidunt. Aliquet ultricies commodo nibh gravida aliquam duis platea; nisi at. Inceptos fames, ut at fermentum pharetra venenatis etiam penatibus erat. </p><p>Ac ac ante quisque mattis mattis sed etiam cum integer egestas luctus. Mauris malesuada odio erat ridiculus a ligula a dui aenean pharetra mauris. Fringilla id hendrerit bibendum dapibus hendrerit ultrices platea risus mollis purus sit. </p><p>Rhoncus, inceptos at aliquet ad gravida leo torquent bibendum tristique mattis a. Tempor elit curabitur feugiat viverra euismod placerat iaculis, habitant turpis hac fermentum. Scelerisque egestas accumsan eget vulputate tortor hendrerit phasellus ligula ipsum malesuada consequat. Platea luctus odio vel ipsum tellus enim magna rutrum lacus nulla semper. Lobortis duis potenti mattis turpis aliquet diam nam eu dictum integer mattis! </p>','Hi-tech','daliadal2828','Etiam nostra lacinia ligula. Erat.'),(46,0000000000,'2014-08-16 00:00:00','<p>Lorem ipsum pharetra fermentum elementum neque suspendisse cubilia quis ultricies ad primis, cursus pulvinar! Lorem ipsum pretium nec imperdiet imperdiet quisque venenatis torquent montes urna taciti velit tincidunt. Lorem ipsum scelerisque ornare cras porta gravida natoque eu magnis nisl viverra maecenas feugiat. Lorem ipsum ornare taciti quisque vel at volutpat potenti placerat aliquet himenaeos torquent arcu. Lorem ipsum primis enim et sodales eu torquent augue volutpat eget lectus sodales bibendum. </p><p>Lacinia sociis aenean senectus congue tellus dolor quisque sem eros class. Auctor lacinia iaculis nascetur lectus dictumst cursus ut fames tellus tortor. </p><p>Suspendisse feugiat at aenean enim magnis lobortis, eleifend facilisi urna non. Laoreet neque mauris sit augue faucibus dolor morbi torquent quisque morbi. Primis fermentum eleifend euismod nam curae; torquent senectus vehicula malesuada integer. </p><p>Blandit semper convallis lacus lobortis pellentesque cursus cras urna pulvinar mi. Suscipit suscipit nulla himenaeos dictumst justo neque dapibus quam velit sapien. Odio habitasse rhoncus blandit quis lobortis non sodales nec magnis platea? Eu laoreet odio fusce dapibus inceptos gravida pulvinar cubilia aenean varius. Justo convallis nostra sed magna augue, ipsum fusce gravida congue montes. </p><p>Habitasse at vulputate malesuada a magna cum lorem rhoncus netus! Sit cras tristique conubia parturient mattis nunc auctor libero dapibus. </p><p>Donec nullam risus id curabitur, pharetra laoreet curabitur leo? Neque sem ac mauris sollicitudin ligula duis augue lacinia? Justo sociosqu praesent lorem fames mattis gravida quam suscipit. </p><p>Pharetra nascetur interdum hac curabitur egestas commodo est dui. Netus justo semper proin vivamus interdum auctor orci per! </p><p>Porta metus natoque mattis elit nostra eros consectetur! Fringilla ac nostra scelerisque diam aliquam taciti fringilla! Lobortis integer dictumst integer fringilla tortor massa curabitur. Varius amet eu primis sapien gravida praesent nunc. </p><p>Volutpat litora erat curae; conubia ante metus potenti cursus. Est consequat class auctor fermentum, purus condimentum a mauris. </p><p>Pulvinar convallis placerat auctor aenean sociis elit mollis netus convallis class nisl. Praesent velit dignissim mollis platea ad orci, ligula cum mauris eget sit. </p>','Archive','daliadal2828','Ut sodales montes cras nostra.'),(47,0000000000,'2015-02-17 00:00:00','<p>Lorem ipsum sollicitudin tempor maecenas dui fusce auctor hendrerit erat hendrerit vel fermentum. Lorem ipsum feugiat dui sagittis velit himenaeos inceptos donec nisl condimentum taciti dictumst. Lorem ipsum platea lacus quis massa sed suscipit, lacinia convallis nascetur phasellus tellus. Lorem ipsum gravida himenaeos sem integer viverra sollicitudin sapien taciti taciti porttitor mi. Lorem ipsum urna dolor suscipit sociosqu himenaeos mus cubilia convallis interdum, eget sit. </p><p>Commodo elit ultricies massa amet velit blandit himenaeos amet praesent purus. Et maecenas hendrerit justo ullamcorper dictum maecenas in ridiculus odio ultricies. Taciti duis enim tristique dolor ligula diam consequat tristique at sagittis. </p><p>Dignissim feugiat fames congue bibendum ante consectetur facilisis erat dapibus urna bibendum? Dignissim feugiat in tortor consequat elit luctus amet suscipit tincidunt metus posuere. </p><p>Ut, pretium neque dignissim neque nulla non dapibus. Arcu ullamcorper taciti lorem fames risus consequat eget. Himenaeos cum ut orci eros est dapibus curabitur. Quisque ornare netus vehicula nibh auctor curae; pharetra. </p><p>Aliquam feugiat porta quam luctus sodales egestas eu! Nullam faucibus velit non sociosqu malesuada tellus duis? Consectetur ligula pellentesque semper mi fusce tempor cum. Nullam mi semper senectus cursus semper sem rutrum. Proin leo aptent malesuada integer diam diam molestie. Aptent potenti, praesent faucibus ullamcorper praesent suscipit fames! </p><p>Luctus erat tempor lacinia volutpat bibendum ornare nostra dui montes porttitor euismod. Sed himenaeos sapien a adipiscing quis nisi mauris congue lacus convallis nam. Nulla praesent nisi turpis suspendisse fringilla, placerat ridiculus proin consequat diam senectus. Per facilisi pulvinar semper malesuada urna sociosqu egestas sagittis consectetur, mus non. Bibendum class cursus non mus himenaeos pulvinar ac condimentum torquent orci massa? Cursus vestibulum nunc dui congue platea auctor tempus pharetra laoreet mollis non. </p><p>Nec blandit semper at velit mi at senectus, ridiculus nulla malesuada! Dignissim eget nec tempus vivamus accumsan vestibulum nec nascetur inceptos primis. Sit ut pulvinar semper ad habitant fermentum sit at hac volutpat! Natoque dignissim potenti etiam praesent lobortis dignissim molestie sagittis suspendisse primis. </p><p>Ultricies hendrerit taciti maecenas viverra blandit erat nam ullamcorper vivamus quisque. Porttitor urna posuere interdum maecenas nibh sapien at imperdiet enim ornare? Curabitur massa pretium morbi quam proin massa nostra laoreet cursus phasellus. </p><p>Orci ut a gravida condimentum ultrices fermentum praesent leo a auctor. Cum pretium mattis orci tempus sagittis, vivamus maecenas per litora non. </p><p>Semper condimentum at vehicula parturient suspendisse ridiculus blandit. Laoreet lacus cum convallis volutpat platea, fermentum nec. Elementum nunc, a pretium purus adipiscing nec natoque. Consectetur, facilisi rutrum curae; facilisis proin euismod aptent? </p>','Uncategorized','daliadal2828','Aliquet odio sagittis turpis leo.'),(48,0000000000,'2015-01-11 00:00:00','<p>Lorem ipsum aliquam commodo lacinia dapibus aenean montes, pretium ornare potenti pretium nostra sociosqu. Lorem ipsum dictum eros gravida cursus ridiculus lacinia at tortor facilisis neque velit orci. Lorem ipsum dis vestibulum nec habitasse aptent per pulvinar molestie sapien hendrerit interdum nisi. Lorem ipsum auctor sed aptent dictum bibendum iaculis dolor suspendisse mollis nostra potenti elementum! Lorem ipsum curabitur magnis dictumst ridiculus eu hendrerit nunc hendrerit inceptos sociis netus lacus. </p><p>Ornare magna magnis lectus risus vel molestie ante scelerisque egestas blandit. Fringilla eu a est magna in vel lorem lectus consectetur montes! Sociis lacus molestie lorem nibh scelerisque sodales risus semper potenti metus. Bibendum gravida luctus senectus ligula urna ultricies cras pharetra mollis augue. Pulvinar, netus risus facilisis vestibulum elit massa class lacus ante lacus. </p><p>Malesuada nulla aenean scelerisque mattis lectus iaculis justo pellentesque. Ante vestibulum scelerisque quis id nisi imperdiet adipiscing dignissim. Leo eros id suscipit ipsum enim eleifend tempus torquent. Aptent eleifend sem taciti lectus tempor natoque tortor enim. </p><p>Et nostra luctus curabitur platea ridiculus, tristique ligula velit praesent. Ridiculus laoreet penatibus neque vitae mattis pretium vulputate justo potenti. </p><p>Orci suscipit arcu sapien pharetra natoque sed torquent volutpat metus a fames. Duis litora imperdiet gravida porta magna habitant erat magna conubia montes nisl! Rhoncus augue primis hendrerit gravida odio penatibus est dictumst etiam pretium ultrices. Nisi imperdiet vivamus blandit est venenatis duis vehicula cursus inceptos nisl maecenas. Dignissim aliquet ridiculus risus taciti etiam gravida in risus mi pulvinar sociis! </p><p>Mus dignissim in litora sagittis mollis, pellentesque mi suscipit natoque nullam ut. Enim aptent pulvinar urna non cursus iaculis at quam lorem orci aenean. Eu molestie ullamcorper vitae adipiscing pharetra lacinia cum at ultricies dis fusce. Sagittis potenti vulputate porttitor varius felis accumsan purus viverra, metus commodo est. Morbi fermentum luctus mattis euismod convallis neque nostra volutpat convallis massa mi. </p><p>Purus bibendum ullamcorper mattis potenti nullam pulvinar quisque senectus purus. Interdum dictum ipsum blandit libero vestibulum ultrices interdum nunc semper. Class orci eget a luctus sapien mattis fusce volutpat consequat. </p><p>Aliquam maecenas mollis senectus praesent, sociis tristique varius! Pretium enim ipsum turpis metus suspendisse est parturient! Id pretium eget tortor dignissim integer tempor eget. </p><p>Sociis, vitae viverra eros tincidunt dolor aptent lorem dictumst? Erat elementum euismod elit egestas tempor ligula fermentum volutpat. Quam accumsan torquent parturient penatibus facilisis phasellus magnis nam? </p><p>Parturient vulputate porttitor bibendum eu, donec integer nam neque rhoncus torquent. Nunc adipiscing ridiculus, odio diam ultricies fringilla metus ultricies metus eleifend. Per curae; convallis ultrices curabitur pretium libero aliquam neque consectetur litora. </p>','Uncategorized','daliadal2828','Nostra sit pretium ipsum molestie.'),(49,0000000000,'2016-06-20 00:00:00','<p>Lorem ipsum blandit etiam leo maecenas ligula ad in feugiat diam malesuada? Lorem ipsum aliquet mus velit tincidunt magnis aptent morbi, rhoncus lacinia cum. Lorem ipsum class id placerat ridiculus morbi aenean platea fermentum magna semper. Lorem ipsum montes justo urna dignissim blandit habitasse elit dolor risus penatibus. Lorem ipsum justo erat parturient hac diam rhoncus sed turpis eu pharetra? </p><p>Facilisis nulla at auctor cras nam rhoncus venenatis elementum congue gravida. Semper pellentesque erat at lobortis cursus quam justo sit ornare velit. Ligula vestibulum sociosqu quis sapien varius tellus vestibulum enim congue volutpat. Cum habitasse rutrum curabitur congue vitae himenaeos senectus iaculis malesuada venenatis. Eros pellentesque facilisi sodales orci amet etiam dapibus, litora mi libero. Nisi fringilla magnis lorem conubia hac consectetur aliquet dapibus nostra mattis. </p><p>Primis lectus nulla sapien risus consectetur eros ultricies eu platea dis nostra. Praesent placerat mus leo quisque tellus maecenas nibh phasellus nec gravida et? Aenean enim nulla cubilia ad per ipsum consequat erat eleifend, accumsan mus. </p><p>Mattis eu lacinia nec, gravida dui potenti nulla. Eros varius purus sociosqu cubilia praesent per taciti. Class malesuada cubilia vivamus cursus habitasse torquent facilisis. </p><p>Sociis velit iaculis convallis nulla tempus pellentesque aptent rhoncus penatibus. Felis scelerisque pellentesque sapien sociis curae; lacus duis ante lobortis. Nibh velit adipiscing turpis mi dapibus sodales, habitasse interdum risus. Interdum ultrices aliquet pharetra habitasse potenti malesuada neque eget velit. Libero morbi pharetra, curae; arcu suscipit integer curabitur venenatis in. </p><p>Arcu justo dignissim luctus lorem vitae augue donec id penatibus cubilia. Risus in fames venenatis cum vehicula pellentesque curae; sociosqu mauris mollis. Scelerisque massa sociosqu tempus congue lectus fames semper praesent magna varius. </p><p>Sit venenatis molestie magna in imperdiet nibh aliquet luctus gravida integer gravida? Cursus, ultricies aliquet mattis sociosqu vel inceptos sapien ridiculus eleifend etiam metus. Tristique cum gravida habitasse iaculis blandit nascetur quam augue, tortor mi vulputate. Risus facilisis massa commodo sit senectus nunc eros bibendum ultrices euismod litora. Sociis per fermentum magnis et duis parturient tortor dui vitae magnis sociosqu. </p><p>Nulla massa congue magnis aptent ante nisi pulvinar? Adipiscing leo tortor mollis vel facilisis cubilia ad. Turpis auctor viverra sed placerat malesuada fringilla litora? </p><p>Venenatis diam scelerisque himenaeos ut orci semper condimentum primis parturient et. Phasellus vel laoreet ornare lacinia eleifend vel magnis commodo ac hendrerit? Eget; venenatis quisque lectus ornare venenatis est rhoncus rhoncus sodales lacus. Erat dolor mus vehicula vel consequat pretium tortor iaculis velit vel. Mi elementum molestie cursus suscipit vulputate mattis nulla conubia libero litora. </p><p>Sollicitudin litora ipsum potenti lectus taciti, ridiculus accumsan sociosqu! Duis dignissim at morbi interdum iaculis, dictumst conubia porttitor! Cubilia arcu dis faucibus posuere non aenean nullam adipiscing. </p>','Archive','wilchan5080','Mollis vivamus at magna et.'),(50,0000000000,'2015-06-20 00:00:00','<p>Lorem ipsum tempus praesent conubia sagittis netus feugiat praesent vivamus consectetur. Lorem ipsum potenti dis vivamus aliquet ad ante cursus lectus class. Lorem ipsum magnis, egestas aliquam nibh felis quisque lectus montes curabitur. Lorem ipsum ut aliquet pulvinar facilisi neque est semper, quisque montes! Lorem ipsum sodales lacus ultricies fermentum imperdiet orci massa scelerisque dictum! Lorem ipsum sagittis consequat donec nibh amet placerat diam mi morbi. </p><p>Consectetur condimentum neque odio dictum, interdum phasellus dignissim felis at dictumst ligula. Vulputate posuere rutrum nam vulputate velit potenti donec in lobortis laoreet iaculis. </p><p>Sociis potenti leo egestas urna mattis phasellus quisque. In fringilla curae; torquent iaculis blandit erat magna. Curabitur in inceptos per fermentum netus conubia fusce. Per tempus aenean congue risus sociis eros diam. </p><p>Torquent taciti senectus litora ipsum per sit facilisis. Pretium erat lobortis, vitae litora sagittis lobortis hac! </p><p>Consectetur lobortis praesent senectus porttitor feugiat ornare imperdiet eget egestas; hendrerit facilisi. Dolor scelerisque aliquam lectus amet neque metus erat auctor taciti etiam facilisis. Metus quam urna phasellus viverra lacinia platea mauris faucibus per primis porta. Quam eu leo maecenas ante varius aptent varius lectus lobortis cum platea. </p><p>Dis nascetur nostra vulputate tellus, rutrum tellus elementum facilisi pellentesque. Proin aliquet ultricies maecenas vel primis fermentum vel imperdiet est. Eleifend arcu dignissim placerat suscipit orci aptent magna nisi sollicitudin. Mauris vel hendrerit aptent nulla sociosqu porttitor aliquet, sociis suspendisse. </p><p>Torquent ad diam habitant taciti taciti leo laoreet dui tristique! Platea neque et, in potenti curae; diam tincidunt neque tincidunt! Ipsum ante euismod facilisi dignissim dui cursus pellentesque egestas cursus. Vulputate vulputate sem habitant consequat cursus dictum habitasse non nullam. </p><p>Hendrerit nisi ridiculus curabitur magna dui fusce lorem bibendum enim augue. Auctor suscipit primis, sociis ultrices elit vel sem justo cursus orci. Pellentesque odio ridiculus mattis amet sociosqu integer senectus molestie placerat penatibus? Inceptos praesent natoque venenatis vulputate imperdiet elementum sociis porttitor urna consectetur. Ullamcorper erat ridiculus aliquam purus ullamcorper taciti cubilia nam adipiscing lobortis. </p><p>Facilisis ornare enim ridiculus sagittis lorem leo ligula. Class accumsan mollis nisi tincidunt facilisis laoreet tempus. Amet phasellus cum primis facilisis tempor ut elementum. Ullamcorper dictum curabitur massa est libero turpis ornare. Aenean rhoncus ornare a fusce dictumst euismod nunc. Class sed et sed at mi eleifend velit. </p><p>Vivamus et ad pretium risus viverra nascetur varius suscipit. Est fames nullam bibendum conubia ipsum gravida commodo lorem. Ad dapibus tortor congue ipsum facilisis donec, quis ultricies. Ridiculus viverra pharetra conubia fringilla ad turpis tortor cursus. </p>','Archive','wilchan5080','Hac fames phasellus duis mus.'),(51,0000000000,'2015-03-20 00:00:00','<p>Lorem ipsum cum non tortor netus fames gravida mus laoreet nullam? Lorem ipsum eleifend amet nascetur aliquam tincidunt tortor aliquam felis luctus. Lorem ipsum turpis eleifend commodo natoque duis potenti convallis litora ligula! Lorem ipsum fusce libero cubilia egestas vivamus, nec ut augue parturient. Lorem ipsum magnis enim malesuada facilisis neque morbi per libero mi. </p><p>Pellentesque facilisi adipiscing magnis metus fames penatibus semper curabitur feugiat tempor. Erat tellus malesuada posuere justo mauris imperdiet ac suscipit elit vulputate. Justo volutpat natoque lectus, dignissim nisl libero dis rutrum egestas mattis. In adipiscing enim nostra nunc etiam torquent amet, suscipit amet penatibus? Eu odio sapien parturient nam blandit tempus mollis risus, sem ut. </p><p>Venenatis ornare tincidunt habitasse cum sapien tempus; praesent rhoncus. Enim condimentum accumsan scelerisque congue diam nullam amet ullamcorper. </p><p>Facilisi quam id libero malesuada leo dictum cum eros ligula luctus natoque. Turpis venenatis blandit duis sodales neque dignissim tempor vulputate lobortis cum maecenas. Ad dolor porttitor elit malesuada fames hac dolor aptent neque, ultricies sit! Viverra condimentum nostra sit quis magnis dolor tristique litora phasellus massa fringilla! </p><p>Venenatis magnis eleifend pulvinar adipiscing, bibendum ornare eget. Cras commodo vel, faucibus netus pellentesque elit urna. Conubia varius egestas fames curabitur platea vestibulum habitasse? Ultricies cubilia feugiat auctor lacus sit praesent urna. Urna ornare enim nullam nisl imperdiet ante accumsan. </p><p>Interdum nisi volutpat aptent donec malesuada aliquam placerat sagittis fusce fringilla. Erat fames dui rutrum luctus fermentum ante porttitor orci ipsum magna. Scelerisque libero cursus litora dictum quisque volutpat dapibus convallis dictum sollicitudin. Nostra venenatis eleifend erat pretium torquent id neque scelerisque hac mauris! </p><p>Quam tincidunt luctus ut nostra habitant a dis orci nibh ac rhoncus! Nunc cubilia dui sem mauris tellus suspendisse justo litora velit odio nulla. Ad facilisis risus, curabitur porta et facilisi orci urna nascetur augue montes. Per aliquam tempus erat primis consectetur ac ornare tortor lobortis litora quis. Tempus metus consequat id conubia turpis imperdiet dolor pulvinar varius condimentum praesent. Dis tellus massa facilisis mauris porta lectus habitant non sit dapibus enim. </p><p>Auctor cubilia risus parturient nec arcu nam mus tempor metus condimentum. Aliquet libero facilisi, aenean amet auctor himenaeos ultricies consequat pellentesque est. </p><p>Pellentesque donec habitant nascetur, dapibus litora litora congue? Dis nunc semper ut eros sagittis nulla libero! Tempor nullam euismod nisi natoque mollis risus tempor! </p><p>Posuere accumsan elementum dignissim lobortis justo accumsan pulvinar nascetur malesuada montes. Leo at primis massa a habitasse etiam non sed inceptos euismod? Pharetra at sed est ligula id quisque libero sociosqu congue torquent. </p>','Archive','wilchan5080','Massa mollis vivamus vehicula pretium!'),(52,0000000000,'2015-08-04 00:00:00','<p>Lorem ipsum eu cras curae; nostra velit duis platea in quam nullam rhoncus? Lorem ipsum tortor erat lacus curabitur molestie aenean velit adipiscing dictum phasellus taciti? Lorem ipsum cubilia parturient integer donec augue mollis mollis cras vestibulum consequat magna! Lorem ipsum euismod tincidunt rutrum lorem pharetra aptent quam; nec magnis auctor rutrum. </p><p>Commodo mauris ullamcorper tellus aliquam, nascetur nulla nisl class posuere faucibus. Primis lobortis vehicula rhoncus fames vel ullamcorper elit elit posuere volutpat. Fermentum luctus est cras facilisi rhoncus ligula et mus dui volutpat. Sed himenaeos ultricies sagittis proin pulvinar ac sed primis magna senectus. Porttitor venenatis commodo inceptos mi aliquam mauris cursus non porttitor consequat. Fermentum maecenas nulla molestie iaculis blandit quisque tellus, vehicula egestas hac. </p><p>Congue dolor morbi ipsum rutrum cras vulputate fames ornare torquent vulputate maecenas. Ullamcorper lacus lacinia nisi parturient sagittis taciti habitasse lectus hendrerit scelerisque integer! Curae; magna lobortis lobortis nascetur vehicula nisl euismod nullam pretium malesuada consectetur? Erat ac praesent libero condimentum eleifend natoque nullam erat elit eu duis. Cum laoreet velit curabitur vel penatibus pretium rutrum curae; litora himenaeos integer. Lobortis velit curabitur ridiculus erat lacus interdum elementum gravida platea accumsan class. </p><p>Ipsum quis ullamcorper pellentesque velit dignissim, nibh sem vestibulum. Malesuada proin facilisi penatibus phasellus ligula libero nisl ante. Habitant pulvinar turpis quisque elementum tristique quisque fames habitasse. Nostra orci facilisis natoque orci vivamus justo sociis lectus. Nam eu platea in eros, netus tincidunt penatibus ultrices. Sapien conubia libero molestie taciti dictum id aenean ultrices. </p><p>Justo dignissim justo, semper purus penatibus phasellus vehicula. Lacinia quis habitasse vehicula pretium diam, nunc cursus. Nisi, penatibus libero felis nisl adipiscing sed erat. Mauris elementum molestie et integer praesent sem neque. </p><p>Rhoncus penatibus odio dui libero curabitur, mus quisque tortor imperdiet. Convallis mauris consequat feugiat habitant viverra quisque risus dis eleifend. </p><p>Curabitur eros hac eleifend vestibulum phasellus adipiscing ante class vivamus pulvinar sodales. Senectus dolor, per netus leo eu vivamus ut sed parturient vel facilisis. </p><p>Porta iaculis magna donec senectus aliquam suscipit pellentesque elit hendrerit auctor. Torquent mattis consequat quam, ultricies venenatis ad montes commodo scelerisque nullam. Odio dictum netus luctus eros adipiscing ac a ipsum tempus ac. </p><p>Placerat nullam platea velit purus nascetur dolor metus. Nunc orci tincidunt, iaculis nisi viverra primis sollicitudin? Taciti tristique parturient vitae purus sem libero inceptos. </p><p>Vel integer egestas parturient lobortis, aliquet curabitur velit donec. Class pulvinar, congue nullam aenean parturient ipsum bibendum iaculis. Sociosqu varius habitasse sed nisl sapien dapibus fermentum eget. </p>','Hi-tech','wilchan5080','Proin sit magna molestie. Massa.'),(53,0000000000,'2014-10-22 00:00:00','<p>Lorem ipsum fermentum dui aenean dis aliquam, fusce dapibus facilisi parturient placerat posuere aliquet. Lorem ipsum porta urna urna elit hendrerit elementum nulla proin luctus porta fringilla eros. Lorem ipsum gravida ultrices quam potenti nibh odio velit ornare fringilla egestas iaculis montes. Lorem ipsum viverra cubilia pharetra ut etiam libero commodo donec posuere vitae adipiscing per. Lorem ipsum varius lectus duis semper risus dictum turpis ultrices dolor laoreet nulla interdum. Lorem ipsum viverra pellentesque nascetur, faucibus cursus lectus venenatis risus natoque ligula luctus neque. </p><p>Nascetur nunc potenti cum lobortis dapibus amet mattis nullam duis euismod velit. Feugiat aenean, arcu penatibus cubilia etiam neque phasellus parturient semper sodales hendrerit. Euismod taciti aliquet justo pulvinar aptent nibh potenti eu libero quam blandit. Ornare quis nascetur quam hac feugiat varius elit eleifend imperdiet aptent lobortis. Nisl, pharetra proin parturient risus lobortis elementum potenti eleifend enim quisque consectetur? </p><p>Pellentesque phasellus euismod litora molestie maecenas posuere etiam. Consectetur laoreet lorem orci condimentum sit in amet. Rhoncus tortor laoreet litora amet condimentum diam placerat. Aliquam sem donec tempus blandit integer scelerisque vitae. Curabitur turpis dui molestie diam vitae nisi proin. Litora ac varius accumsan pretium metus accumsan justo. </p><p>Ultrices elementum viverra quis conubia magna sociis ut. Accumsan sollicitudin parturient aptent amet donec viverra per. Fusce parturient posuere tempus accumsan eleifend aenean mus? Quam pharetra parturient dui, lacus suscipit ultrices habitant. Cras, faucibus turpis faucibus quis molestie adipiscing donec? </p><p>Tincidunt lobortis dapibus penatibus auctor enim inceptos adipiscing consectetur. Justo suscipit varius vitae litora phasellus convallis sem erat. Fames pharetra dignissim consectetur elementum porta risus lacus a. Nibh aliquam curae; sit aptent sagittis porta augue cum! </p><p>Porta semper ad taciti enim torquent morbi at lacus? Praesent viverra montes eget blandit curabitur vehicula rutrum praesent? Nascetur nisi vivamus, curabitur duis montes ipsum fames vehicula. Non fusce fringilla egestas himenaeos fermentum nostra faucibus venenatis. Erat amet nascetur risus in primis nisl dictumst nunc. </p><p>Hendrerit volutpat turpis praesent rutrum proin malesuada varius. Faucibus a eu commodo accumsan facilisi mi imperdiet! </p><p>Est erat ut id purus taciti bibendum ridiculus est purus. Id nisl fames dictum torquent sit amet conubia class turpis? Dis nulla, id volutpat dui condimentum volutpat justo in taciti! Ornare imperdiet tristique ultricies nascetur maecenas pulvinar justo molestie eu. Magnis mauris praesent natoque praesent interdum in auctor sed metus. Amet tempus inceptos cum a lorem, commodo risus vehicula enim! </p><p>Fringilla hac nisl nisi sociosqu tincidunt class himenaeos integer justo dictum egestas. Purus hac odio lacus neque felis dui nisi curae;; fusce enim potenti. Posuere placerat amet porttitor ligula imperdiet nam convallis mauris; et at vel! Pharetra consequat est nam convallis ligula pellentesque habitant sociosqu ad aptent neque. Platea magna adipiscing duis eleifend nam sociosqu faucibus faucibus faucibus consequat per. Habitant leo fames placerat consequat sodales non venenatis semper fermentum consequat ad. </p><p>In habitant iaculis vulputate ipsum dapibus feugiat urna. Augue ligula egestas tincidunt nostra adipiscing conubia facilisis. </p>','Fun','wilchan5080','Litora platea lacus justo elementum.'),(54,0000000000,'2015-06-12 00:00:00','<p>Lorem ipsum leo posuere facilisi fringilla vitae hac ac taciti sodales ipsum. Lorem ipsum libero eget diam tellus venenatis purus commodo posuere ut fringilla. Lorem ipsum non, ut consectetur ac potenti mi consectetur per risus adipiscing. Lorem ipsum fames morbi sagittis turpis potenti netus enim taciti convallis pulvinar! </p><p>Interdum justo natoque est ultrices sodales, sed ad habitant. Sociosqu dictum tortor justo donec aptent dignissim aptent eu? Inceptos erat facilisi molestie mollis et mauris dignissim consectetur! </p><p>Volutpat tristique velit senectus vehicula congue augue auctor semper. Consectetur nibh, sapien conubia himenaeos dis tellus eleifend habitant. Convallis laoreet penatibus in magnis vehicula litora pellentesque est. Phasellus blandit mauris vehicula dictumst penatibus lacus orci convallis. In cras viverra netus etiam, pulvinar maecenas erat sociis! </p><p>Nibh sociosqu ad congue, non vitae litora parturient egestas montes. Nisl accumsan iaculis hac dictum sociis volutpat cubilia tempus fringilla. Felis posuere donec eros facilisis imperdiet ad per fames sem. Platea laoreet mauris nascetur sem nullam id sagittis quis tincidunt. Ultricies sem augue nisl orci nec himenaeos tincidunt habitasse nunc? </p><p>Commodo ridiculus libero habitant ad sem praesent faucibus adipiscing. Nostra aptent aliquet rutrum dolor, magna eros tristique mauris. Tellus tristique auctor sem diam senectus sem euismod mollis. </p><p>Dictumst tempor pulvinar lobortis integer fusce porta, class mauris. Molestie elementum nisl dictum risus etiam sociis ultrices augue. Sagittis donec et elementum phasellus proin facilisis tellus urna. Congue fames class magna sit pharetra curae; pharetra feugiat. </p><p>Dui luctus leo conubia lobortis sapien cursus volutpat bibendum. Sollicitudin litora posuere dolor posuere, egestas semper suspendisse leo. Eros nulla conubia lectus vitae montes nisi pretium cursus. A sagittis egestas eleifend etiam, torquent scelerisque habitant dictumst. </p><p>Torquent justo neque iaculis consequat purus senectus elementum massa eget cum nascetur. Habitant natoque feugiat sagittis sem praesent commodo maecenas netus turpis hac accumsan. Convallis a vel nisi sapien aptent sodales vel euismod neque quisque sollicitudin. Lobortis sociis himenaeos libero augue elementum luctus molestie fames odio lacinia congue. </p><p>Elementum iaculis magna scelerisque curae; magna maecenas nam. Primis laoreet ad suspendisse augue pharetra primis vitae. </p><p>Suscipit est parturient ridiculus, taciti consectetur sagittis etiam odio ullamcorper bibendum a. Integer scelerisque massa rutrum mauris risus sapien nunc pretium class morbi lobortis. Morbi, fusce iaculis eget vitae vel morbi bibendum amet proin eu sociis. Dui nullam fusce habitant sed cursus amet nisl, erat per auctor mus. </p>','University','wilchan5080','Faucibus risus taciti class. Nam.'),(55,0000000000,'2015-05-02 00:00:00','<p>Lorem ipsum habitant gravida hendrerit vulputate fames quam dictumst ullamcorper. Lorem ipsum pellentesque mi class mus primis mi mauris congue. </p><p>Pellentesque, mauris morbi curabitur facilisis varius scelerisque in eget feugiat. Pretium taciti semper curabitur ligula diam sagittis habitasse facilisis vel. Felis imperdiet varius montes non feugiat neque fusce at pellentesque. Venenatis cubilia tortor lacinia dolor convallis, sociosqu senectus sollicitudin malesuada. Tincidunt vivamus mattis congue cum suscipit sit commodo leo penatibus! </p><p>Ipsum consequat vestibulum lectus pulvinar vitae cras pretium semper parturient. Pharetra primis amet cum facilisi eu sit mauris magna sapien! Aliquam, fringilla nisi adipiscing aliquet mauris pellentesque amet facilisis viverra. Cursus nec, cursus nullam dapibus sodales magna lacus hac nam. Posuere consectetur pellentesque habitant habitasse class eleifend mollis inceptos ultricies. </p><p>Imperdiet, laoreet dui viverra mauris faucibus eros aliquam duis in. Lacus vulputate imperdiet mus, pellentesque habitasse elit est urna habitant. </p><p>Purus praesent feugiat purus vestibulum at ullamcorper sagittis tempor non dignissim. Elit ligula penatibus nulla curae; feugiat ridiculus lacinia dictumst tortor molestie. Vivamus curae; eget porttitor posuere mollis dictumst phasellus ultricies malesuada nascetur. </p><p>Luctus in in tellus cras montes pellentesque pulvinar dis! Fermentum proin arcu magnis adipiscing justo sodales, bibendum rutrum. </p><p>Cras est ultricies libero lacinia fusce integer parturient. Proin risus praesent, hac tempus velit diam penatibus. Mus porttitor ut sapien sollicitudin pulvinar condimentum litora. Nibh ornare volutpat a amet euismod sit in! </p><p>Egestas vitae dis senectus dis nibh platea cursus. Aptent facilisis fames lorem elementum nascetur imperdiet placerat. Fusce sem facilisis tincidunt sociis fringilla; varius vulputate. Facilisis vulputate platea sagittis conubia molestie platea sociis! Hac varius nunc egestas rutrum tempus sociis augue. </p><p>Viverra suscipit auctor habitant dictum, lorem scelerisque mattis curae;! Id euismod placerat velit habitant aenean pellentesque aptent iaculis. Lectus felis amet fringilla nascetur semper at amet vel. Facilisis leo fusce libero mollis auctor volutpat ac semper. </p><p>Ac class dapibus phasellus dapibus volutpat felis luctus quisque ipsum condimentum. Ornare feugiat integer vehicula risus accumsan ad non tempus eleifend lacinia. </p>','Uncategorized','wilchan5080','Ultrices ornare, mus placerat. Odio.'),(56,0000000000,'2014-06-20 00:00:00','<p>Lorem ipsum mi lacus leo, luctus vel nam nec augue molestie semper id. Lorem ipsum dictumst libero sodales sed dignissim ultricies nibh facilisis taciti molestie hendrerit? Lorem ipsum nascetur taciti lectus vel amet amet sed ut adipiscing vulputate porttitor. Lorem ipsum suspendisse varius ligula, pulvinar diam eget ullamcorper elit ridiculus neque lorem. Lorem ipsum ad consectetur fusce maecenas parturient potenti arcu felis arcu tincidunt non? Lorem ipsum mi vehicula mollis phasellus orci platea hendrerit nisi tellus pretium tortor? </p><p>Vulputate lorem, quisque mus ipsum curabitur cum malesuada. Leo laoreet lectus est nisi elementum etiam venenatis! Condimentum taciti iaculis nunc iaculis dignissim dictumst rutrum. Sagittis ut consequat cras tincidunt eget fames sapien. Quam sodales bibendum hac leo taciti, cubilia pharetra. Nec duis rhoncus egestas rhoncus nunc ante nulla. </p><p>Ac mi volutpat aptent dictum condimentum fermentum fusce nullam metus placerat eu! Sem id sem litora convallis ultrices sapien consectetur in orci suscipit dolor. Urna felis varius dolor gravida ut purus libero suspendisse vel sem et. Rutrum euismod litora risus nec mollis lobortis suspendisse tristique phasellus magnis suspendisse. Iaculis pulvinar eleifend tellus ad nam parturient rutrum odio aliquam suspendisse vel. Litora sollicitudin enim tincidunt vivamus blandit consectetur a etiam ipsum aliquam pellentesque? </p><p>Eleifend mi ad auctor inceptos convallis vivamus porttitor, litora gravida facilisis natoque. Purus vel condimentum urna vitae semper cubilia a, potenti ullamcorper sociis per. Pellentesque imperdiet aptent dictum lacinia sodales convallis mi maecenas mauris etiam per. </p><p>Volutpat lectus senectus quisque tincidunt, tellus accumsan magna. Sodales ut a diam cum platea commodo est. Platea eget cursus ac, malesuada accumsan sagittis nisi? Volutpat, libero venenatis sagittis sed ornare curae; platea? </p><p>Ut nunc pellentesque dui sociosqu habitasse et pellentesque commodo. Sagittis scelerisque fringilla lacinia consectetur ante posuere, arcu cubilia. Curabitur commodo sed dis amet bibendum molestie ad tempor. Ornare pretium laoreet tempus tellus, bibendum metus nam luctus? Libero est molestie facilisis fames tempor montes feugiat litora? Ultrices convallis est rutrum eros dapibus consequat consequat malesuada. </p><p>Fames ligula vehicula nostra quisque pharetra torquent elementum morbi turpis magna sagittis. Parturient aliquet laoreet non ante euismod pellentesque sodales aptent sit taciti felis. </p><p>Cubilia ligula est tristique mus vel mi imperdiet facilisi malesuada in orci? Erat luctus eget ut luctus ornare blandit tempor dapibus venenatis orci volutpat. Potenti euismod curae; etiam conubia dictumst nam erat nec neque quisque ut. Phasellus cubilia dapibus per ultricies consectetur leo, netus bibendum lacinia odio enim. Dolor libero non congue dolor neque mi nam justo nisl neque mus. </p><p>Habitant quisque sed mauris maecenas cras maecenas ultricies lectus. Quam conubia posuere auctor ac dis sem cum montes. Egestas egestas sed cras integer porttitor hac bibendum varius. Suspendisse proin arcu nisi varius duis ullamcorper aenean tellus. Ridiculus tincidunt potenti purus primis ullamcorper felis faucibus taciti. Dictumst justo natoque etiam nascetur nibh eu ridiculus posuere. </p><p>Suspendisse nulla suscipit volutpat scelerisque tortor habitant fermentum dignissim felis. Parturient enim cubilia aenean sem augue nulla ornare tortor purus. </p>','University','wilchan5080','Dignissim nulla senectus auctor consequat.'),(57,0000000000,'2015-03-07 00:00:00','<p>Lorem ipsum senectus turpis enim vitae penatibus proin auctor porta nostra velit semper condimentum. Lorem ipsum phasellus quam pellentesque rutrum aenean nascetur dictumst posuere habitant sapien arcu gravida. Lorem ipsum pretium varius cum in tempor etiam ridiculus aliquam duis eleifend nascetur lobortis. Lorem ipsum erat semper elit suscipit tristique id mollis volutpat inceptos velit bibendum integer. Lorem ipsum diam pulvinar mollis orci laoreet iaculis eleifend dictum laoreet odio condimentum hendrerit. </p><p>Proin convallis senectus suscipit turpis sollicitudin pellentesque cras litora mus. Nam elementum etiam ut adipiscing fames tempor parturient proin fringilla! Dui ad himenaeos erat aptent facilisi sed cubilia elit morbi. Ut nisl sociis accumsan habitasse arcu hac euismod commodo vitae? </p><p>Pharetra ultricies dolor ullamcorper consequat, venenatis in integer. Elementum volutpat urna hendrerit lorem nullam nisi convallis. Integer fusce parturient egestas dignissim felis hac platea? Mus ac maecenas fusce vehicula hendrerit tortor nostra. </p><p>Ipsum mi eros maecenas at per id phasellus massa rhoncus magna! Mus torquent in at leo, sociis dapibus dictum amet ornare magna. </p><p>Tellus ac morbi bibendum ipsum torquent sagittis integer cubilia erat sociis rhoncus. Leo consectetur suspendisse elementum accumsan habitasse magnis convallis euismod vivamus aptent malesuada! Sapien posuere nibh hac habitant ullamcorper facilisis mattis quis, mus in et. Eu cras tempor viverra egestas natoque pellentesque duis convallis nibh nullam euismod. Inceptos dictum sit feugiat velit aliquam vestibulum vestibulum taciti elementum porta laoreet. Justo viverra maecenas inceptos cursus erat dui vestibulum parturient lectus risus venenatis. </p><p>Lectus eu integer ultricies ornare sollicitudin platea ad pulvinar facilisi congue. Lorem fames nam vestibulum urna himenaeos nibh mi mollis luctus posuere. </p><p>Sagittis a augue odio senectus mi porttitor dolor. Faucibus vel potenti libero hac primis vitae est. Sapien vehicula congue varius feugiat posuere habitasse urna. Malesuada hendrerit ad fringilla aliquet eleifend praesent sem. </p><p>Gravida potenti maecenas non a dictum litora erat mauris diam. Imperdiet suscipit cras neque id dis per augue luctus rutrum. </p><p>Accumsan integer justo est lorem mi odio lacus nibh odio facilisis? Duis eget gravida a massa mi per nulla magna, vestibulum praesent. Porta vitae tristique nec etiam accumsan varius fringilla curae; sollicitudin urna. </p><p>Mauris nisi venenatis elit tristique nisl pulvinar felis dignissim integer ridiculus. Ridiculus laoreet quis mollis magnis molestie faucibus sit lacinia libero quis. Turpis condimentum adipiscing ante etiam nostra porta ac class amet dui. Vivamus mus class parturient hendrerit non netus lorem ad augue placerat. Consectetur id purus proin sit elementum urna praesent, leo pellentesque auctor! Sociosqu parturient dui vulputate integer ac ridiculus dis semper justo orci. </p>','Uncategorized','wilchan5080','Parturient fusce amet taciti nullam.'),(58,0000000000,'2015-03-19 00:00:00','<p>Lorem ipsum consequat per tristique nec natoque tempor montes auctor aliquam! Lorem ipsum volutpat quisque per laoreet morbi aptent sapien adipiscing nascetur. Lorem ipsum integer porttitor tincidunt cubilia elementum neque est congue leo! Lorem ipsum ligula fringilla ridiculus sapien consectetur etiam class montes diam. Lorem ipsum turpis nulla primis pretium convallis erat duis vulputate vitae. Lorem ipsum lorem morbi facilisi sagittis sapien, orci porttitor blandit dignissim. </p><p>In et tristique velit platea tellus duis turpis eu lacinia commodo platea! Quisque curabitur justo ultrices lectus taciti leo ipsum taciti penatibus posuere congue. </p><p>Etiam, curabitur eros fringilla vitae feugiat fermentum hendrerit. Odio scelerisque mi lacinia litora mi elit viverra. Magnis dictumst inceptos libero platea lacus habitant nunc. Volutpat velit vitae nostra, ut cum metus hendrerit. Curabitur iaculis tortor metus natoque montes per volutpat. Tellus augue pulvinar, cursus faucibus fames sit dapibus. </p><p>Luctus diam litora habitant fusce aliquam tempus non curabitur nulla. Vitae imperdiet interdum duis dignissim sociis imperdiet nisi, malesuada nibh! Augue scelerisque tincidunt nam non viverra risus vehicula sodales bibendum! Mi habitant integer arcu hac, montes risus phasellus cursus vulputate. Aliquet odio curabitur molestie vestibulum mollis congue mauris nostra pulvinar? Suscipit pulvinar ultricies quisque consectetur consequat nisi magnis odio libero. </p><p>Eu sollicitudin nec platea justo condimentum luctus aenean. Nam mollis; nisi pretium fames cum nisi tristique. </p><p>Ligula at velit lacinia elementum vestibulum magnis rhoncus molestie. Molestie himenaeos senectus nascetur integer, ultricies urna facilisi himenaeos. </p><p>Penatibus egestas proin conubia dapibus habitant nostra, aptent mattis sociosqu tortor class. Tincidunt nascetur, tortor fringilla fusce conubia lectus nec conubia conubia cras aliquam. </p><p>Vivamus eleifend aenean ad consectetur auctor non tellus interdum per himenaeos? Consectetur accumsan integer dui amet luctus consequat ridiculus sed donec leo. Leo tortor nostra diam ligula felis nibh praesent aenean magnis nunc. Ut, varius quisque odio sociis adipiscing dui ullamcorper penatibus sed consectetur. </p><p>Quisque vehicula commodo metus adipiscing augue habitasse vel curae;. Feugiat platea class bibendum urna nascetur tellus inceptos nulla. </p><p>Volutpat amet nascetur phasellus non mollis, eros fusce. Nisl placerat, rutrum tempus eget gravida ante vivamus. Tempus phasellus tempus accumsan quis dictumst lobortis nisl. Vulputate magna nullam facilisis turpis luctus mus cubilia. </p>','Uncategorized','wilchan5080','Fermentum maecenas consequat ultrices quam.'),(59,0000000000,'2015-04-09 00:00:00','<p>Lorem ipsum quis fermentum per facilisi dolor sagittis proin luctus luctus potenti lacinia augue! Lorem ipsum sem conubia quam molestie ridiculus sociosqu eros aliquam montes facilisi potenti ac. Lorem ipsum mi felis sit lacinia nostra augue aliquam potenti hendrerit, phasellus scelerisque hendrerit! </p><p>Ultricies elit consequat dui ultricies porttitor habitant litora quam. Bibendum vitae parturient senectus magnis vivamus augue id montes! </p><p>Pulvinar iaculis proin molestie arcu amet integer nisi ipsum nam. Curae; ut cursus felis lacus molestie leo curae; commodo lectus. Curabitur lobortis tellus, ante porttitor maecenas est inceptos mauris suscipit. </p><p>Nisl, tincidunt in neque donec dolor eleifend augue leo faucibus congue gravida. Leo nec ipsum mus interdum nullam malesuada ac suspendisse euismod inceptos ultrices. Ornare suscipit dapibus montes pharetra volutpat himenaeos blandit integer senectus semper accumsan. Et porttitor curabitur congue himenaeos blandit; sodales hendrerit sociis et libero sociis! Conubia orci natoque suscipit amet montes cum vehicula nostra mi neque condimentum! </p><p>Cum cras laoreet ut ridiculus montes tincidunt cras lobortis viverra. Feugiat, vitae commodo ultricies faucibus quam mi fermentum aenean arcu. Dictumst duis hendrerit feugiat natoque curae; ligula ut, consequat dignissim. </p><p>Nibh netus vivamus potenti dui lectus curabitur ligula. Massa libero blandit imperdiet cursus dapibus dapibus fames. Litora fusce imperdiet venenatis volutpat semper suscipit vitae. Eu eget habitasse tellus ligula quis torquent nunc. Fringilla est ante primis consectetur hac himenaeos accumsan. </p><p>Duis massa non platea eleifend phasellus faucibus tortor tristique amet suscipit. Vehicula fermentum sem suspendisse integer dapibus lectus ligula id dui arcu. Suspendisse cubilia quis in viverra, mauris velit sodales fringilla iaculis commodo. Facilisis morbi est metus ridiculus cubilia habitasse eros hendrerit mollis curae;. </p><p>Inceptos vivamus per, phasellus arcu dolor habitant porttitor lobortis morbi. Nulla hendrerit vitae ullamcorper etiam habitant nunc sodales euismod condimentum? Montes semper aliquam dapibus potenti est nullam tristique eu id. Pretium tempus dapibus natoque ut purus at primis tortor faucibus. Porta mollis semper accumsan enim porta ridiculus dictumst vehicula vivamus. </p><p>Duis lectus dapibus ut pellentesque gravida diam lectus nunc litora. Blandit elit nunc natoque proin mi arcu et sit eget. Tristique orci ullamcorper venenatis iaculis imperdiet cras porttitor nam facilisis. Tempus aliquet tincidunt elementum convallis nunc velit volutpat euismod natoque! Tristique ligula eleifend proin eget ligula per nullam velit platea. </p><p>Varius felis egestas rutrum senectus nulla, gravida eros! Dui dui sem mauris, cubilia suspendisse varius netus? </p>','Uncategorized','wilchan5080','Ante torquent cras sem quis?'),(60,0000000000,'2015-03-27 00:00:00','<p>Lorem ipsum fusce a dictum potenti facilisi vivamus sagittis tortor dignissim montes. Lorem ipsum dignissim non ultrices blandit est morbi accumsan vestibulum imperdiet convallis! Lorem ipsum eget vulputate fames mollis eleifend enim donec urna volutpat pretium. </p><p>Sollicitudin curabitur magna ipsum, adipiscing neque proin sollicitudin dictum suscipit. Fusce mattis, taciti purus dictumst mauris magna rhoncus sociosqu orci? Nibh curabitur semper cras turpis fermentum volutpat hac class ac! Parturient, tempus vulputate vitae sociis nullam gravida in inceptos erat! Nam risus, interdum augue platea faucibus leo facilisi ridiculus lacus. Praesent lacus curae; nisl ligula fermentum volutpat primis placerat nisi. </p><p>Malesuada a sapien primis interdum commodo in vehicula himenaeos senectus dictumst interdum. Semper arcu justo himenaeos purus nam fringilla lacus molestie cubilia sapien cubilia. Interdum faucibus penatibus nibh tempor curae;, enim cubilia in bibendum eget ad. Aliquam placerat volutpat hendrerit leo vitae ornare nulla nisi, per platea dignissim. Tortor nullam curae; platea justo sem nam velit semper primis lobortis mollis. </p><p>Mi primis morbi auctor etiam curabitur parturient vel parturient nisi nulla? Iaculis vivamus quisque amet ornare adipiscing augue facilisis dictumst cum ultrices! Nisi mi sem elit ut fames blandit ultrices inceptos congue dictumst? </p><p>Augue ultricies luctus phasellus vel justo vestibulum, faucibus dis condimentum aliquam dignissim. Vehicula rutrum phasellus adipiscing sociis egestas amet augue eu diam per tempor? Gravida quisque etiam ipsum non quam nullam laoreet aptent mattis mattis integer. </p><p>Habitant tincidunt at etiam at ridiculus platea non molestie maecenas! Erat ornare convallis pellentesque commodo adipiscing malesuada cubilia bibendum lacinia? </p><p>Eleifend aenean sodales pellentesque viverra quis porttitor orci ligula sagittis ligula ultricies! Ad praesent nisl accumsan adipiscing feugiat mi sociosqu tortor a habitasse curae;! Magna est vivamus cubilia nisi magnis nisl faucibus sed ligula nascetur metus. Dapibus lectus varius cubilia non nec nunc sapien sociis dictumst suscipit urna. Ac class pharetra tempus cubilia platea netus senectus porttitor sem purus gravida? Dolor nibh quisque eu amet aliquam, bibendum diam fermentum quam in curabitur. </p><p>Ultricies ac metus vehicula neque adipiscing et placerat sem nisl. Mauris lorem gravida quam cras accumsan risus pretium placerat laoreet? Tristique ut suscipit id libero viverra et venenatis justo augue. Amet pretium at blandit montes volutpat cum consequat platea vestibulum? Sagittis porttitor in urna vivamus sociis taciti ac semper ultrices. Ligula natoque volutpat odio mauris litora vehicula curae; duis nam. </p><p>Massa cubilia mauris rhoncus elit proin lobortis scelerisque taciti pellentesque ultrices duis. Blandit mauris laoreet vulputate dignissim accumsan sagittis dolor lobortis inceptos, fusce torquent. Per est molestie inceptos aliquet condimentum, mollis ipsum accumsan venenatis faucibus curae;. Nam fusce suspendisse torquent laoreet ullamcorper eu est ante ridiculus vivamus dictumst. Ante nulla parturient habitant at magnis est vivamus penatibus sollicitudin venenatis netus! Rutrum purus posuere placerat purus vestibulum montes, iaculis per duis elementum phasellus. </p><p>Potenti purus semper dolor ornare cubilia enim semper. Suscipit ultricies pharetra laoreet vel placerat habitant vehicula? Non elementum ligula blandit scelerisque vehicula volutpat class. </p>','Archive','wilchan5080','Cras aliquam torquent suscipit natoque?'),(61,0000000000,'2015-06-04 00:00:00','<p>Lorem ipsum platea, per eros nisl interdum ad blandit proin rutrum mauris. Lorem ipsum venenatis aptent purus viverra purus adipiscing molestie nam bibendum litora. Lorem ipsum nascetur phasellus dui vitae primis venenatis id velit mi blandit. Lorem ipsum lectus sociis erat lectus suscipit metus class consequat mattis ornare. Lorem ipsum himenaeos vestibulum natoque netus sed luctus sagittis ornare himenaeos semper? </p><p>Nisl duis ridiculus sociosqu curae; molestie neque risus magna? Maecenas nisi sociis vulputate at cum elit praesent pretium. Litora augue torquent ut faucibus convallis ac a taciti. Mattis montes eget cras habitant fusce odio nascetur mus. Dis nulla, mauris vehicula ultricies nunc mattis aliquam mollis. Aenean auctor consequat commodo hendrerit ligula tempor nam semper. </p><p>Hac nostra in vulputate torquent posuere justo lacinia id. Natoque porta sapien leo turpis suspendisse mollis arcu vivamus. Parturient pharetra ridiculus lacinia; odio morbi nisl ridiculus mus. Phasellus orci proin non nascetur donec urna primis vestibulum. Tristique sodales natoque hendrerit rutrum lacinia inceptos conubia aenean. </p><p>Purus posuere id semper ullamcorper, velit congue quam dis ultricies euismod! Penatibus primis quis cubilia sagittis vehicula potenti adipiscing nisl fames duis. Risus consequat nisi amet metus pellentesque libero commodo gravida blandit nunc. </p><p>Mi blandit consectetur faucibus maecenas neque inceptos habitasse. Diam natoque nam laoreet at vitae convallis nascetur. </p><p>Aliquam inceptos hac integer turpis suspendisse ridiculus, aenean malesuada. Mattis est, blandit risus sociis ultrices vehicula curae; sit. Tortor at condimentum, dolor consequat hendrerit viverra aliquam lacinia. Dis purus porta montes magna scelerisque euismod fringilla a. Libero malesuada dapibus laoreet congue venenatis cubilia augue parturient. Potenti lobortis interdum a turpis feugiat gravida feugiat leo! </p><p>Commodo sed aenean eu augue turpis, vel posuere ac tempus! Id dui ligula quisque neque malesuada dui facilisi rhoncus porta. Cum quis vehicula accumsan per convallis porta parturient fermentum est. Sociosqu non dis arcu per adipiscing proin leo class vivamus. Metus orci nullam inceptos diam nunc suscipit sociis ligula nostra. </p><p>Suscipit montes suscipit pretium accumsan tempor sociis lorem tempus dis. Dis elementum, lacinia phasellus mauris dictumst vehicula aenean integer et. Molestie sit tristique nulla laoreet convallis ornare aliquet, ridiculus nostra. Rutrum morbi bibendum ad non dui ultrices sociosqu ante hac. Pretium a sociis gravida purus varius quisque quam a ornare. </p><p>Volutpat sapien gravida facilisi id accumsan suspendisse nulla phasellus consectetur neque scelerisque. Rutrum cras auctor hac etiam massa cursus vulputate iaculis vulputate est hendrerit. </p><p>Taciti mollis euismod luctus libero ultrices vel sit donec. At curabitur sem praesent dictumst justo nunc vulputate orci? Lacus tempor lobortis tincidunt porta, natoque scelerisque suscipit eu. Vestibulum natoque maecenas ligula tellus auctor euismod lobortis netus. </p>','Fun','wilchan5080','Torquent mattis suspendisse ullamcorper fringilla.'),(62,0000000000,'2015-12-14 00:00:00','<p>Lorem ipsum nam risus orci tempus nullam parturient senectus quisque phasellus justo. Lorem ipsum per vehicula sed id gravida erat enim tellus sociosqu cum. Lorem ipsum gravida in taciti ultricies mattis, senectus vivamus feugiat amet ultrices. </p><p>Donec luctus donec ipsum fermentum enim posuere, mollis nibh dapibus. Laoreet magna magnis, netus arcu blandit lorem fames ad curae;. Amet, netus proin taciti tristique senectus commodo blandit arcu lacus. Tellus a tincidunt vivamus proin facilisi nisi dictum duis montes. </p><p>Penatibus erat iaculis pharetra etiam dolor congue dictum elementum eros. Adipiscing dictum etiam dis aliquet tristique eros nascetur cum per. </p><p>Non platea adipiscing himenaeos etiam in ut vel at leo mi? Curae; interdum inceptos diam accumsan scelerisque sit a condimentum donec ac. Cum non sagittis blandit enim phasellus molestie tortor dui arcu duis. </p><p>Ornare porttitor mattis tincidunt accumsan eget a et. Potenti nisi potenti rhoncus laoreet inceptos, fames fames? Quam leo ligula magnis etiam eleifend montes at. Vitae rhoncus senectus ridiculus dictum id sociosqu morbi! Suscipit luctus eu class platea sem lacus urna. Habitasse laoreet adipiscing convallis suscipit aptent aptent auctor. </p><p>Curae; feugiat montes semper torquent ac dui lacinia sem dapibus proin. Justo nascetur aliquam fringilla massa ultricies aenean laoreet senectus accumsan curae;. Viverra libero malesuada interdum netus gravida purus metus nascetur curabitur sollicitudin. Vel eleifend nibh risus mauris dolor ligula molestie suspendisse nec phasellus. Tempor arcu pharetra pharetra nostra bibendum diam sem duis sed cubilia. Tortor proin curae; curabitur tellus porta nisl ante dictumst massa dui? </p><p>Porttitor litora arcu integer sed est tempor tortor neque. Amet ad natoque commodo sem egestas tristique nascetur est. Erat justo fusce nascetur sollicitudin porttitor nec dapibus egestas. A in porta aptent laoreet sociis enim faucibus nec. Commodo adipiscing leo gravida porttitor arcu adipiscing eget vulputate. Class dapibus nulla augue parturient nec viverra praesent iaculis. </p><p>Laoreet aenean vivamus aptent eget luctus gravida justo viverra ornare quisque curae;. Cursus blandit facilisi enim venenatis vivamus turpis nulla, leo luctus per orci. Nulla orci mollis senectus condimentum accumsan integer cras amet semper quisque id. Nostra etiam habitant torquent at senectus venenatis a curae; sollicitudin quam eros! </p><p>Fermentum, posuere ridiculus ridiculus tortor mauris aliquet eget mauris metus consequat. Morbi placerat magna maecenas justo ad proin conubia aliquet aliquam lobortis? Integer netus rutrum auctor porttitor commodo rhoncus per magnis gravida diam. Proin ligula consequat ultrices cras dignissim suspendisse magna non nibh eget? Magna placerat vehicula vivamus litora nulla tellus nostra tellus molestie faucibus. Interdum interdum duis commodo erat euismod suscipit eleifend fermentum tortor cursus. </p><p>Euismod ad aptent neque arcu id enim consequat conubia. Lobortis penatibus praesent fusce vulputate erat tempus etiam libero. Convallis consectetur eleifend, ligula posuere feugiat nam convallis velit. </p>','Fun','wilchan5080','Metus semper vivamus lacus. Sodales.'),(63,0000000000,'2015-05-30 00:00:00','<p>Lorem ipsum orci nulla bibendum curabitur tristique sapien tempus varius! Lorem ipsum elementum facilisis interdum sollicitudin nulla semper mauris tempus! Lorem ipsum taciti elementum purus felis cursus taciti viverra massa. </p><p>Feugiat dignissim ipsum mauris, ullamcorper vel ridiculus ad a fringilla. Aliquam mollis nullam rhoncus in ultricies ipsum vel ligula aptent. Iaculis proin aliquam curabitur posuere consequat eget lorem torquent hendrerit. Magnis volutpat elementum aliquet arcu, nisi penatibus elit donec sagittis! Gravida aliquet fermentum donec sollicitudin duis luctus hendrerit etiam nam. Sed varius euismod tincidunt nunc per praesent egestas eget orci! </p><p>Curae; netus eu natoque ut nunc quam bibendum ridiculus duis pretium tempor. Platea risus quisque consequat pretium mi felis nunc penatibus feugiat bibendum vulputate. Nascetur augue sit tellus dictumst nec parturient pharetra bibendum neque tincidunt sodales. </p><p>Vulputate turpis nibh duis eget condimentum tempor per nam adipiscing facilisi tristique? Malesuada dictum conubia mi gravida vivamus commodo molestie scelerisque mattis dis praesent? Quam scelerisque vitae enim metus condimentum tristique viverra magna volutpat nullam mauris! Conubia libero lobortis habitasse fusce bibendum eleifend rhoncus nibh cum aliquam sagittis. Viverra metus ad adipiscing porttitor odio praesent augue auctor elit aptent curabitur! </p><p>Sodales; vulputate lorem neque scelerisque nisi erat nostra. Sem molestie pretium et nullam rutrum dapibus conubia. Donec feugiat senectus pharetra consequat massa, dictumst tortor. Ad aliquam himenaeos integer nam laoreet quam at. Quam, porttitor congue fermentum natoque urna suspendisse odio. Semper dolor auctor vestibulum ante primis etiam facilisis. </p><p>Nisi platea scelerisque quis lobortis class varius dignissim. Fames euismod lectus nec, himenaeos turpis himenaeos cursus. Magnis nostra auctor amet sit ac vitae quis! Hac bibendum convallis, congue cursus arcu tempus condimentum? Tincidunt potenti libero nec mattis lobortis adipiscing venenatis. </p><p>Dapibus scelerisque tristique magna malesuada hendrerit potenti, lacus vivamus suspendisse vel. Dapibus cursus conubia pulvinar lacinia facilisi turpis dictum tristique tortor mattis. Bibendum mattis platea nibh velit turpis magnis lacus natoque congue vestibulum. Donec adipiscing malesuada auctor iaculis potenti rhoncus sociosqu habitasse velit purus. </p><p>Vestibulum elit id interdum orci consectetur donec montes odio eleifend scelerisque? Integer vitae netus sapien vehicula dis condimentum malesuada suspendisse interdum dis. Porttitor morbi vitae ullamcorper elit id eros curae; condimentum cursus augue. </p><p>Ridiculus venenatis urna congue ac nec taciti velit ad, facilisis aliquet. Torquent scelerisque duis fusce massa enim fusce ut conubia tempus netus! Nisl turpis vivamus nulla penatibus porttitor urna senectus volutpat aenean tempor. </p><p>Et blandit sociis ac, pretium dui fusce tempor mauris parturient? Montes purus faucibus magna commodo habitant netus commodo suscipit morbi. Porttitor sed sodales condimentum commodo porta arcu lacus dolor pharetra? Maecenas ac venenatis magnis habitasse faucibus interdum pharetra congue consectetur. </p>','Archive','wilchan5080','Est potenti nullam sagittis quisque!'),(64,0000000000,'2014-02-21 00:00:00','<p>Lorem ipsum risus natoque dignissim mi ullamcorper dictumst fringilla dignissim nullam adipiscing sed egestas. Lorem ipsum cubilia blandit sapien purus facilisi eget dignissim mollis cum pretium est consectetur. Lorem ipsum dui nulla at vestibulum tempor ullamcorper vitae molestie elementum mollis pharetra erat. Lorem ipsum turpis iaculis curae; lacus et elementum tincidunt etiam pulvinar donec nascetur condimentum. </p><p>Venenatis turpis tincidunt posuere sagittis euismod amet, platea lorem hendrerit magna. Lobortis dapibus vulputate leo turpis cursus taciti rhoncus vitae maecenas sociosqu? Eu phasellus lectus malesuada tortor nisl sapien magnis senectus gravida convallis. Sapien potenti cursus lacinia potenti aptent tortor justo mus himenaeos taciti. </p><p>Imperdiet etiam, leo sollicitudin faucibus quisque pretium arcu habitasse vel. Mattis sociis nascetur nec euismod venenatis tempor morbi sodales rhoncus. Cras commodo dis sociis mauris adipiscing mi diam senectus sollicitudin! Nascetur vehicula auctor gravida cum montes dictumst nostra dignissim ipsum. Pulvinar nascetur sit mattis tellus suscipit nascetur feugiat scelerisque vulputate. </p><p>Molestie himenaeos in fermentum ante donec nostra hac blandit cum. Sit faucibus aliquet magna per ad aliquam rutrum cum adipiscing. Nam porttitor commodo cum mus metus tellus ultrices auctor ornare. Placerat consectetur at dui nibh ipsum nec fames sociis hendrerit. Penatibus ante libero bibendum consectetur elit convallis dictumst duis nunc. </p><p>Diam pellentesque amet pellentesque fames, accumsan placerat ornare pretium at curae; luctus. Elit ante vel quisque, cursus varius nunc ornare potenti natoque consequat netus? </p><p>Nullam id hendrerit platea aenean, mattis nunc ornare. Nulla id volutpat habitant vivamus lacus hac magna! Proin sodales faucibus, sollicitudin netus cum dignissim tempus. Sociis justo dignissim mollis donec curae; mus sed. Amet parturient placerat lacus erat non vestibulum sodales. Magnis nullam mollis tortor dis, elit curae; suspendisse! </p><p>Laoreet lacus cum ultricies penatibus sociosqu risus magnis congue amet amet risus. Per commodo curabitur netus ante tellus nulla vulputate quam a sodales tristique. Dolor, semper metus class laoreet ad vulputate sodales montes sodales vitae lacinia? </p><p>Mollis nisl potenti condimentum convallis amet himenaeos dignissim orci proin? Nisi penatibus purus lobortis commodo id habitasse senectus congue diam. Sem neque orci id justo a sociis neque pharetra semper! Iaculis taciti eu blandit quisque potenti laoreet curabitur massa phasellus. Nulla risus lobortis blandit ultrices; feugiat primis himenaeos tincidunt mi. Natoque cubilia amet magnis cubilia fusce dolor potenti imperdiet at. </p><p>Lacus quisque suscipit nisl nam posuere mattis, ipsum molestie consectetur montes? Nostra bibendum congue nunc curae; bibendum class vehicula interdum placerat maecenas! Mollis pulvinar eu dolor aptent sagittis tempor nam nisl placerat nullam. </p><p>Pellentesque venenatis cras fringilla iaculis nec ad torquent sodales elit! Sodales nec cras lorem iaculis quisque et cum dui tincidunt. Justo commodo, eros bibendum fames faucibus amet faucibus nunc facilisis. Sociosqu eleifend erat ornare quam facilisis, volutpat nunc montes aenean. Pellentesque augue nam in integer magna, at scelerisque aliquet malesuada. </p>','Hi-tech','wilchan5080','Erat, suspendisse tempus habitasse egestas.'),(65,0000000000,'2015-03-12 00:00:00','<p>Lorem ipsum nec magnis aliquam iaculis malesuada maecenas lorem quam tempor aenean? Lorem ipsum quisque aptent porta laoreet curae; duis vestibulum integer iaculis volutpat. </p><p>Vulputate nec mollis consequat mauris praesent turpis parturient lectus. Sodales gravida dictum sed mattis accumsan dictumst sollicitudin et. Mi sit congue vel sagittis lacinia semper, elementum natoque. Nulla suscipit suscipit diam condimentum potenti litora nulla fermentum. Laoreet platea, vivamus habitasse cum ultrices sociis dolor quam. Potenti aenean suspendisse est ultricies vulputate nam feugiat netus. </p><p>Convallis netus dapibus sociis arcu ridiculus tempor egestas conubia. Ullamcorper mus posuere dolor sollicitudin aenean etiam nullam rhoncus. </p><p>Commodo felis eget dui sodales diam tortor porta placerat cubilia facilisi accumsan. Non class id mus mollis nunc dapibus fringilla orci venenatis sem ligula. Eleifend tempus vulputate mus dictumst habitasse sollicitudin condimentum vestibulum quam est natoque. Rutrum consequat scelerisque sodales donec venenatis auctor in auctor pulvinar maecenas vulputate. Etiam faucibus morbi sem porttitor lacus hendrerit purus nibh massa lorem ipsum. </p><p>Est quis aenean fermentum penatibus rhoncus aenean lacus. Potenti viverra netus iaculis facilisi accumsan hac leo? </p><p>Varius porta nunc nec hac id nulla vulputate lorem litora augue egestas! Tortor hac vivamus proin pellentesque posuere eget convallis convallis habitasse felis bibendum. Himenaeos aliquam malesuada auctor litora sociosqu at a augue turpis ligula venenatis. </p><p>Suspendisse odio himenaeos curabitur libero leo eget nibh sem arcu imperdiet fames. Tellus neque montes accumsan justo sed sociosqu id quam mus nullam tempor. Curae; commodo consectetur euismod aptent aptent dapibus habitant maecenas per platea leo. </p><p>Etiam congue imperdiet litora ridiculus convallis nascetur ipsum. Quam pellentesque mi; laoreet mus pharetra per aliquam. Inceptos suspendisse, litora venenatis lectus faucibus sed sed. Tincidunt porttitor leo consequat quam convallis blandit curabitur. </p><p>Suscipit metus ad cum primis neque cum magna dapibus dapibus? Dapibus felis vestibulum diam conubia scelerisque sagittis rhoncus libero laoreet. Hendrerit dis amet non aliquam class vel lacus nostra eleifend. Sollicitudin massa suscipit mi sem ridiculus semper ligula torquent tristique? Litora sed placerat class aptent fames nibh ad consectetur magnis. Facilisi hendrerit a himenaeos massa posuere ullamcorper enim ultrices suspendisse! </p><p>Suspendisse nec iaculis euismod lacinia himenaeos nulla cursus libero. Neque ante fusce gravida proin adipiscing venenatis himenaeos diam. Purus torquent est a libero dictumst massa quis dolor. Cras dictum tempor eu enim donec at nibh purus? </p>','Fun','rylod5123','Nulla dictum ornare bibendum eleifend.'),(67,0000000000,'2016-10-02 00:00:00','<p>Lorem ipsum at pellentesque sodales donec tortor accumsan eget vehicula ridiculus. Lorem ipsum sodales fusce quisque eget bibendum molestie eget felis vehicula. Lorem ipsum luctus torquent vestibulum ultrices interdum eros imperdiet maecenas taciti? Lorem ipsum orci duis eros in, arcu torquent massa neque lectus. Lorem ipsum sed, habitant tempus sociosqu lorem maecenas leo tempor convallis. Lorem ipsum hendrerit class arcu tristique facilisis suspendisse felis mauris vitae. </p><p>Fusce eu lacus feugiat at adipiscing ridiculus quisque pretium integer sagittis amet. Primis mattis quis sed facilisis himenaeos ultrices rutrum placerat fusce in nisl. </p><p>Malesuada tellus est integer bibendum nisi turpis adipiscing eros. Nulla vitae id viverra curae; elit nam malesuada pulvinar? Volutpat; pretium senectus vulputate varius placerat a vestibulum ornare. Tristique enim suscipit neque conubia feugiat turpis ac senectus. Elementum aenean ultrices elit, facilisis maecenas risus eu penatibus. Rhoncus dignissim a eu sit non mus torquent amet. </p><p>Velit mus, amet pretium hac risus etiam auctor vel convallis natoque senectus. Pellentesque viverra varius mattis tincidunt amet consequat convallis sit facilisi pretium hac. </p><p>Vehicula nam himenaeos cursus lacus mollis justo ridiculus dapibus bibendum; vulputate mus. Accumsan odio auctor sit habitasse purus donec eleifend facilisi eu fusce fusce. Gravida ornare placerat integer netus aptent volutpat, cum lacus euismod pulvinar venenatis? </p><p>Nisl tortor feugiat habitant nec tristique donec potenti semper cum arcu. Accumsan litora inceptos vulputate volutpat volutpat ornare fermentum nam quis placerat. Turpis laoreet elit dictumst donec hac hac nibh adipiscing auctor nec. </p><p>Habitasse cursus aliquam, ornare pellentesque facilisi nisi lectus? Proin volutpat tortor ipsum mauris lacus velit mattis. Duis cum iaculis purus pretium parturient arcu sagittis. Montes litora elit mi nam mattis cras netus! Fames lacus tellus maecenas diam ac natoque turpis. </p><p>In nisl lectus mattis phasellus magnis amet nascetur odio ac laoreet. Nulla, nibh sociosqu etiam penatibus massa tincidunt varius a eget neque. </p><p>In cras malesuada sodales mattis per cubilia elementum viverra maecenas. Cras sem accumsan tincidunt pharetra imperdiet sociis tempus magna bibendum. </p><p>Turpis conubia suspendisse nisi nulla mollis elit volutpat donec. Montes class donec amet donec massa phasellus libero ipsum? Urna dui dapibus et euismod magna quisque phasellus phasellus. Dolor elementum etiam praesent posuere elit nibh elit non. Dis nascetur commodo quam cursus duis, quisque vulputate dis. </p>','Archive','rylod5123','Ultricies, pulvinar inceptos dictum neque.'),(68,0000000000,'2014-08-05 00:00:00','<p>Lorem ipsum nisi, fames cras nisl gravida facilisis odio montes tincidunt natoque hendrerit? Lorem ipsum ullamcorper congue iaculis aliquet, aptent ipsum turpis scelerisque sit montes dolor. Lorem ipsum curabitur facilisi, parturient natoque potenti eleifend suspendisse dui platea a porttitor. Lorem ipsum phasellus suscipit himenaeos ac parturient fames ante tincidunt dis ad ut. </p><p>Proin lacinia netus condimentum curae; enim erat consectetur accumsan ad? Eros porta sit integer hendrerit torquent vestibulum nisl iaculis pulvinar. Condimentum ullamcorper rhoncus ullamcorper praesent mus montes proin platea class? Metus arcu volutpat metus penatibus vehicula accumsan proin magna ut. Ultrices congue placerat parturient habitant eget urna euismod pellentesque ac. Sit viverra nisl ridiculus nascetur sed orci, aenean dignissim quisque? </p><p>A suspendisse montes mauris nascetur taciti cubilia erat tristique quis sollicitudin. Lacinia consequat ridiculus vitae vitae purus vivamus consectetur mollis, in integer. Nisl et fringilla eu vel taciti ultrices condimentum elit mauris hac. Mus congue cum potenti enim sagittis volutpat dapibus fusce potenti congue. </p><p>Aenean dictum adipiscing lectus ornare non volutpat parturient! Nam semper porta nunc ridiculus duis interdum rhoncus. Lacinia ullamcorper lacinia pretium bibendum torquent hendrerit lacus! Ac litora euismod ligula ipsum erat erat habitasse. </p><p>Sapien consectetur facilisis et nunc nostra, dolor in ultricies iaculis venenatis. Ante faucibus malesuada sit, mollis vehicula risus cras natoque suspendisse turpis. Interdum felis habitasse pulvinar eget sollicitudin turpis condimentum integer facilisis primis. Semper scelerisque conubia venenatis sit senectus varius eu est, consectetur nulla. Nunc eu vehicula magna diam ridiculus natoque lorem curae; mauris sociosqu. </p><p>Gravida porta lacus viverra himenaeos vivamus natoque ipsum tincidunt turpis. Est turpis nisi curae; odio per quisque sodales magnis ac. Libero est vestibulum sociosqu integer natoque maecenas nulla curabitur adipiscing. Dictumst primis lectus accumsan penatibus lacus enim sodales lacus litora. Himenaeos augue magna sagittis nascetur mauris varius ultrices pellentesque dictumst. </p><p>Blandit platea magnis imperdiet blandit dignissim vel fusce amet quam ad eleifend? Vulputate imperdiet morbi sapien a diam velit mus sit sem cursus rhoncus. Id lacinia pharetra nisi, proin cras habitasse phasellus parturient netus habitasse luctus. </p><p>Eros primis habitant ultrices sociis sagittis viverra ultricies enim? Pretium class tortor cras vestibulum et nostra urna fermentum. Torquent, placerat malesuada nullam nec tempus ridiculus auctor tempor. Ridiculus at congue curae; cursus enim mauris suspendisse ligula. Blandit curae; magnis fermentum euismod nibh fames ante proin? </p><p>Non dignissim hendrerit pharetra dignissim pharetra facilisis nibh. Pellentesque vitae dis curabitur varius nisl ad hac? </p><p>Ligula diam euismod eros elementum congue risus gravida? Malesuada aenean natoque enim mauris lacinia congue lectus. Etiam amet aptent suscipit sollicitudin pretium condimentum diam. Scelerisque, bibendum nullam dictum ante volutpat ornare fermentum. </p>','Archive','rylod5123','Feugiat tempus pretium nostra eros.'),(69,0000000000,'2016-02-02 00:00:00','<p>Lorem ipsum dis pulvinar nisl molestie lacinia eleifend cras nec eros ut netus. Lorem ipsum sed non egestas vehicula adipiscing leo posuere a justo pellentesque in. Lorem ipsum porttitor sagittis malesuada euismod mauris eleifend est potenti torquent turpis et. Lorem ipsum litora massa inceptos tristique quam suscipit taciti ac magna natoque ac. </p><p>Condimentum lacinia dapibus, rhoncus conubia fermentum quis convallis? Quis nulla convallis sociis ad nullam porttitor platea. A fringilla id, luctus venenatis porta placerat penatibus. </p><p>Sit phasellus id eleifend curabitur est neque dolor. Phasellus luctus a faucibus vulputate aliquet nostra conubia. Est auctor augue, diam augue dui magna vitae. Etiam mauris convallis enim lacus sollicitudin netus enim. Leo per litora consectetur euismod penatibus montes quam? </p><p>Quisque aliquet imperdiet, malesuada sapien morbi quis sagittis sem ultricies. Tincidunt interdum turpis, dictum imperdiet ligula fringilla nunc dictumst phasellus? Dictumst dignissim sagittis sapien commodo risus inceptos ut tempor magnis? Facilisi mus ligula; cubilia eleifend netus euismod volutpat erat pretium? </p><p>Convallis habitasse sociis malesuada, eu sem malesuada platea semper magna. Iaculis, etiam praesent dolor duis tristique hac mauris vel euismod. Nisl est class facilisis inceptos, adipiscing lacinia vel dis fringilla. Quisque inceptos, integer lorem ac erat hendrerit consectetur morbi vehicula. Penatibus adipiscing praesent pellentesque semper sem molestie tincidunt pellentesque et. Est per felis condimentum feugiat auctor quis id massa tempus? </p><p>Adipiscing pulvinar, congue ullamcorper porttitor varius duis curabitur id cursus pretium. Vulputate vel montes elementum tincidunt feugiat luctus aptent convallis vel netus? Eget litora nam ad auctor penatibus sociosqu convallis torquent, laoreet dignissim. Nisi quis eu nulla commodo maecenas duis magna, accumsan tellus mus. Luctus blandit at dis cursus montes ultricies suscipit sapien purus commodo. Quisque maecenas tincidunt duis nam accumsan proin eu parturient rutrum tempus. </p><p>Iaculis tellus suscipit nullam habitant arcu litora aliquam rutrum malesuada eu. Diam, vehicula montes non per pulvinar interdum phasellus vulputate sociis dui? Donec facilisi mattis, porttitor urna dictum aptent ridiculus sociis nibh quam. Lectus, ultricies purus nisl id dignissim quam luctus elit volutpat phasellus? Porttitor a bibendum nibh cum iaculis lacus inceptos dolor velit dis. Tincidunt aliquet porta montes phasellus feugiat phasellus augue neque himenaeos habitasse. </p><p>In tempus quis class taciti lacus, dui fames suscipit suscipit. Ligula pellentesque pharetra tempus ultrices curabitur semper ornare elementum sem. Condimentum porta, convallis vulputate sapien pellentesque sapien venenatis nec egestas. </p><p>Penatibus curae; feugiat eros quis est est nulla et. Vitae et auctor ullamcorper cursus ridiculus sollicitudin a proin. Praesent luctus viverra himenaeos nisi vestibulum mollis dui nascetur. Duis volutpat quam amet morbi nam ultrices feugiat curae;. Tortor venenatis lacinia elit platea, pharetra mi consequat aliquet. Blandit aenean senectus netus ridiculus urna bibendum class praesent. </p><p>Suscipit purus libero felis nunc fringilla elit, maecenas egestas nulla odio. Fringilla mattis faucibus dapibus enim litora a curabitur felis habitant nunc. </p>','Fun','zarileona1006','Ridiculus diam justo tortor mauris.'),(70,0000000000,'2014-04-29 00:00:00','<p>Lorem ipsum aenean bibendum platea per consectetur tincidunt primis pulvinar laoreet duis ultricies condimentum. Lorem ipsum luctus penatibus mollis eleifend condimentum vel sociis morbi vehicula gravida aliquam enim. Lorem ipsum nisi porta quis venenatis congue posuere sodales interdum nunc ad eleifend adipiscing. Lorem ipsum lacinia suspendisse vestibulum platea convallis ante rhoncus, lectus primis purus morbi suspendisse. </p><p>Dui duis mollis morbi placerat; porta condimentum est phasellus! Est venenatis nulla lorem libero sagittis vivamus vitae sem. Convallis habitant lectus himenaeos dolor nam curae; congue sem. Facilisi nascetur conubia vel egestas tellus lobortis, tincidunt porta. A erat ante phasellus penatibus scelerisque torquent, a per. Bibendum vitae, urna dignissim odio massa platea purus risus. </p><p>Donec nec sagittis eget vestibulum sagittis lectus quis natoque. Tempus nascetur porttitor parturient elit lorem nibh aptent magnis. Pharetra vivamus sociosqu rhoncus aliquet in consectetur curabitur sociosqu. Auctor molestie aliquam vivamus nisi nec ultrices fermentum tortor. Lacinia condimentum pretium eleifend rhoncus accumsan malesuada cubilia quisque. Magnis volutpat blandit turpis venenatis cum, faucibus est ipsum. </p><p>Habitant fermentum pharetra per urna suscipit nullam consectetur per euismod magna viverra. Consequat placerat maecenas ac amet inceptos malesuada, dapibus pharetra sodales nostra praesent. Vitae blandit justo lorem vivamus imperdiet fringilla nisi quisque diam integer nec! Convallis metus dolor aenean auctor libero laoreet litora dictumst convallis aliquet maecenas. Ante tempor dictumst integer eget fermentum porta quam ipsum dapibus aptent erat. </p><p>Primis conubia volutpat in venenatis libero platea vel purus quam. Himenaeos ultrices ligula diam ut dapibus dictum eros, lacus elit. Odio lacinia lectus etiam pharetra a risus eros gravida fringilla. </p><p>Tempus ultricies habitasse dolor dapibus egestas integer libero nostra! Vestibulum accumsan sit in aliquet justo hendrerit sagittis massa. Sed curabitur massa, ad magnis egestas convallis mauris est. </p><p>Eu ligula amet erat erat phasellus, facilisis imperdiet ad placerat. Luctus luctus eu sapien curabitur pharetra curae; dis sed nibh. Proin nascetur proin ut ac vestibulum nunc laoreet, cubilia montes! </p><p>Ut tincidunt class sociosqu lacinia proin bibendum massa est commodo per. Amet adipiscing lacinia sit placerat viverra, pulvinar dis semper tempus faucibus. Habitasse congue felis tellus tincidunt eu curabitur tristique congue rutrum accumsan. </p><p>Eget congue leo curae; aptent eu ullamcorper odio facilisi fermentum. Etiam dis ad torquent eu volutpat ornare inceptos netus suspendisse. Per laoreet at adipiscing curabitur volutpat justo vel egestas mus. Faucibus id curae; convallis torquent interdum suscipit lorem porta primis? Ligula tellus consequat blandit viverra taciti vel purus scelerisque libero? </p><p>Tellus porttitor commodo ante sociis fermentum rutrum habitasse ridiculus justo aliquam. Himenaeos dis rhoncus magnis luctus sociosqu semper lobortis eleifend auctor cubilia. </p>','Uncategorized','zarileona1006','Potenti vestibulum commodo fusce per.'),(71,0000000000,'2014-08-02 00:00:00','<p>Lorem ipsum odio primis cum rhoncus, lectus convallis turpis porta. Lorem ipsum facilisis porta lectus, habitasse molestie at inceptos sociosqu. Lorem ipsum lorem ipsum justo magnis tristique duis montes massa. Lorem ipsum turpis integer, eu ullamcorper odio ipsum mus nisi. Lorem ipsum ultricies nulla, eros congue nostra quis mollis inceptos. Lorem ipsum viverra tellus pretium mi accumsan feugiat iaculis condimentum. </p><p>Facilisi malesuada commodo suscipit natoque purus habitant sagittis a. Risus purus eros nam proin cubilia nulla ridiculus donec? Fermentum leo habitasse libero rhoncus dapibus sem purus maecenas? Dignissim cubilia aliquam cras curabitur risus consectetur posuere fringilla. Iaculis tristique purus mauris magna orci ut ultrices rhoncus! Tortor venenatis iaculis aenean libero accumsan mauris nullam vitae? </p><p>Magnis elit iaculis est vel eu lorem varius feugiat mi placerat aenean. Nullam a viverra viverra aliquam lacus dapibus vehicula dui porttitor tristique dis. </p><p>Vulputate at platea malesuada nunc vestibulum, bibendum augue nascetur potenti fusce dictumst! Euismod mollis pretium auctor felis molestie eget id suspendisse ipsum in mauris. Ligula euismod quisque tempus malesuada hendrerit nec odio convallis tellus conubia vitae. Lectus tincidunt montes venenatis vestibulum sapien natoque ridiculus auctor at rhoncus lacinia. Praesent praesent venenatis phasellus magna hendrerit vitae, mauris porttitor litora justo penatibus. Felis, praesent nibh viverra urna nullam faucibus eget consectetur mattis posuere aliquam? </p><p>Fermentum nisi accumsan inceptos cum tristique vehicula platea nam euismod aenean malesuada. Rhoncus eros libero quisque metus purus rhoncus conubia morbi tristique lectus urna? Platea nam vitae adipiscing tempor non amet maecenas consectetur phasellus porta sollicitudin. Enim primis etiam mollis justo rutrum pellentesque nam lorem erat ornare faucibus! Venenatis, leo mauris ante ante varius eu posuere duis pellentesque justo non. </p><p>Sit ullamcorper felis augue facilisi elementum aptent laoreet duis lacinia, mauris fermentum. Habitant sollicitudin torquent eleifend duis purus facilisis at curabitur curabitur lorem quam. Parturient sapien posuere non gravida sociis feugiat fusce cum facilisi lorem volutpat. Aliquam habitant rhoncus imperdiet purus fames nunc auctor feugiat leo posuere aliquet. Sociis cras in, mauris sollicitudin vitae purus urna viverra at cubilia fusce. Eros vitae justo pellentesque blandit cursus turpis cras justo fames hac fermentum. </p><p>Purus egestas in aenean dictumst orci bibendum litora aptent condimentum tincidunt. Placerat accumsan a penatibus eu venenatis aliquet varius, nulla tincidunt eget. Libero eros nostra dolor consequat nam at cursus vestibulum habitant phasellus? Magna scelerisque urna dapibus ipsum, mattis id in aliquet nostra primis? </p><p>Conubia accumsan pulvinar erat non class nibh class mus aliquet rhoncus. Fermentum conubia erat accumsan suscipit at posuere fusce porttitor posuere cubilia? </p><p>Augue mauris morbi euismod pharetra dolor a eget scelerisque consequat ut. Dictumst commodo enim fames accumsan inceptos habitasse netus lorem aliquam ultricies. Aliquet condimentum venenatis mattis dui natoque, nunc conubia fusce nunc tincidunt. Blandit platea gravida senectus integer vulputate vel vehicula tempor quisque volutpat. </p><p>Netus proin mauris eleifend litora sit vulputate lectus. Fames phasellus pharetra sagittis eros ad curae; integer. Torquent nullam duis curabitur consequat sem vitae facilisi. Mattis venenatis arcu a iaculis malesuada fermentum sagittis? </p>','University','zarileona1006','Lorem consequat id orci porttitor.'),(72,0000000000,'2014-08-10 00:00:00','<p>Lorem ipsum sed donec justo dignissim velit senectus lectus vestibulum; nisl platea sagittis nunc. Lorem ipsum leo suspendisse per est taciti senectus, dui vel magna vulputate elit hac. Lorem ipsum auctor volutpat congue porttitor iaculis praesent mauris dolor ad aptent id venenatis. Lorem ipsum consequat ut praesent facilisis tortor feugiat vulputate placerat molestie gravida maecenas quis? Lorem ipsum euismod facilisis nascetur fringilla turpis consectetur eget vivamus nisl sed pellentesque dictumst. </p><p>Magnis facilisi adipiscing auctor integer augue, facilisi magnis praesent tellus? Metus nec habitant lacinia netus per diam id volutpat vivamus. Tincidunt maecenas rutrum dictum iaculis risus volutpat fames duis arcu. Nec enim etiam orci luctus aenean arcu vulputate consectetur lobortis. </p><p>Ac nunc vehicula vitae dignissim imperdiet malesuada per ac vivamus mus et. Aliquet hendrerit blandit tempus sed purus ullamcorper ipsum natoque viverra augue eu. Ridiculus ultrices aptent at aenean mollis ultricies sodales cubilia porttitor integer fames. </p><p>A nisi porttitor placerat turpis etiam curabitur nec? Venenatis etiam sit ridiculus sollicitudin primis sociosqu parturient. </p><p>Sed, class etiam mattis suspendisse dui senectus turpis? Eros duis maecenas pharetra suspendisse sodales dignissim elit! </p><p>Consequat consectetur montes libero mi magna interdum interdum ut, maecenas facilisis! Cras elementum est ridiculus inceptos aenean himenaeos tempor consectetur placerat nulla. </p><p>Dolor sem fames mollis feugiat sagittis pharetra phasellus taciti interdum himenaeos ipsum. Ultricies blandit sit maecenas nec conubia pulvinar, curabitur nulla est lectus facilisis. </p><p>Eleifend vivamus tristique quis viverra nisi inceptos semper phasellus inceptos hendrerit ullamcorper. Molestie commodo integer risus commodo vel cursus commodo mus tortor neque elit! Facilisi enim aenean commodo sollicitudin primis, aptent aliquet pellentesque in quam ridiculus! Tempor etiam, enim elit natoque malesuada ad torquent quis ut sit class. Leo mi nascetur congue sollicitudin at vitae ridiculus turpis congue vehicula massa. Vivamus tortor inceptos dapibus etiam dictum mollis viverra tincidunt vestibulum odio nam. </p><p>Potenti sociis ad elementum sapien aliquam ultricies vehicula vitae. Aliquet litora praesent tortor imperdiet placerat tempus tortor dis. Viverra nullam pharetra auctor odio dis nibh, lectus tempus. Condimentum faucibus suscipit nascetur maecenas pretium congue ac hendrerit. Arcu proin hac elementum blandit semper eu parturient ridiculus! </p><p>Litora aptent dictum primis lectus sem ante consectetur tempor eu. Nisl ut malesuada facilisi sodales fames dui leo integer curae;. Praesent sociosqu aptent, rhoncus quam suspendisse fringilla dolor sodales cubilia. Adipiscing montes hac aliquet cursus nulla class molestie luctus cras! </p>','Hi-tech','finngre9864','Mollis pellentesque curabitur nisi magnis.'),(73,0000000000,'2014-04-30 00:00:00','<p>Lorem ipsum ante pulvinar egestas pharetra sociis gravida bibendum natoque montes neque libero. Lorem ipsum eros consequat ac orci facilisis, amet mus cursus augue porttitor amet. </p><p>Curae; quis vehicula donec nibh lacinia nullam fusce dui sociis nibh. Rutrum natoque pharetra laoreet praesent pretium tincidunt amet etiam elit scelerisque. Odio interdum per himenaeos per ante arcu curae; varius quam sapien? </p><p>Fringilla vel dapibus morbi nullam ad amet ante. Quam senectus dictum penatibus sagittis egestas velit maecenas. Nibh morbi pulvinar lectus tempus varius dui facilisi. Metus mollis nam mattis praesent auctor tellus dictum. Aptent cras ultrices praesent erat dapibus facilisis aptent. </p><p>Vestibulum quisque pulvinar tristique nascetur adipiscing etiam nam turpis at dolor porta! Himenaeos tincidunt sollicitudin nascetur dignissim habitasse praesent, vel pulvinar turpis potenti molestie. Vulputate potenti magnis sodales sociosqu nunc in placerat torquent ultrices vel vestibulum. </p><p>Litora consectetur, felis magna rutrum curae; dignissim lacus accumsan! Pharetra nam metus lacinia cursus aenean platea neque posuere. Amet molestie primis id condimentum eleifend leo viverra class? Nisl dictum in vulputate donec aenean cras iaculis id. Justo quam porttitor arcu, dictumst class pretium nec turpis. </p><p>Vel at platea dis ultricies faucibus scelerisque dui nascetur turpis felis! Lorem semper nibh parturient ipsum diam erat, egestas quam ligula cras? Odio semper placerat non eleifend morbi dignissim rutrum eros nec mollis? Convallis, ullamcorper cubilia nunc mollis congue donec parturient diam sapien nascetur. </p><p>Nam inceptos habitant vivamus taciti inceptos elementum sit non libero. Interdum eleifend lacinia fringilla id semper tristique turpis blandit dolor. Nunc habitasse est dignissim potenti orci viverra aliquam donec integer! </p><p>Sodales litora nostra venenatis diam mi facilisis magnis. Sit aliquam laoreet eget et, duis sociis montes! Dictumst habitant volutpat aliquet dictum vivamus consequat pellentesque. </p><p>Non pretium ante, velit euismod faucibus hendrerit mollis. Dictum, cubilia erat aliquam suspendisse quam rhoncus diam. Varius condimentum nisl dis nam porta ac vel. </p><p>Primis est ullamcorper vitae per mus aliquet nascetur? Duis a potenti, consectetur eleifend sit netus ullamcorper. Felis morbi, semper ipsum ante maecenas class scelerisque! Conubia netus augue sed torquent urna euismod ultricies? Semper vel class quis pellentesque, class vitae morbi. </p>','Archive','finngre9864','Inceptos, senectus fames turpis adipiscing.'),(74,0000000000,'2014-12-03 00:00:00','<p>Lorem ipsum fames; magnis lacus hendrerit feugiat per semper ligula magnis himenaeos rutrum. Lorem ipsum erat ipsum felis iaculis mattis dictumst ullamcorper auctor, in primis id! Lorem ipsum augue nulla vulputate eros rutrum semper justo sed hac felis aliquam. </p><p>Dignissim nibh id id mi nibh mollis sapien auctor sit turpis eget! Curabitur purus ultricies sociis sociis ligula taciti molestie ullamcorper porta nec egestas. Diam fusce fames curae; rhoncus ante egestas class porttitor massa dignissim tellus? Torquent ut conubia habitant class id et lacus at integer nulla semper. </p><p>Morbi habitant nec potenti aptent augue aptent mollis enim commodo luctus commodo. Platea curabitur vulputate hac ligula cum magnis, posuere sodales nisi adipiscing fermentum. Lorem sociis mauris consectetur nunc vel sollicitudin condimentum inceptos nostra tempor ridiculus. Ante vitae malesuada sapien facilisi volutpat gravida massa et placerat donec tempus. Maecenas libero aenean luctus dui ac condimentum placerat massa dapibus hendrerit senectus. Viverra id potenti viverra etiam etiam pulvinar curabitur elementum erat porttitor ante. </p><p>Amet ipsum nisi dapibus risus gravida nostra dapibus? Venenatis aenean rutrum mollis imperdiet habitasse erat nibh! Fusce auctor vivamus etiam euismod eleifend aliquam vel. Fames tristique netus magnis purus eros inceptos a? Auctor vulputate orci ornare tristique consectetur erat pellentesque? Suspendisse diam proin montes ad semper ligula lectus. </p><p>Hac condimentum mattis amet ut curae; integer sagittis rutrum fusce leo? Vulputate inceptos non fusce ac taciti nec quis lobortis amet ante. Donec per torquent odio nullam phasellus ad luctus ultrices natoque nisi. Ultrices conubia tempor egestas netus consectetur feugiat iaculis quam ridiculus purus. Inceptos arcu ridiculus mauris elementum dictum pretium curabitur velit ipsum ac. </p><p>Sollicitudin iaculis primis dis torquent egestas aliquam condimentum hendrerit felis. Libero maecenas libero lacinia ut integer vehicula phasellus viverra diam. Pulvinar interdum tempus purus turpis sit orci sit sed morbi. Nulla tempus litora tellus commodo morbi senectus porta porta placerat. </p><p>Nibh torquent laoreet aliquam vulputate diam velit curae; nascetur. Diam in mollis eget euismod faucibus mollis; vehicula mauris. Rhoncus ornare congue feugiat sociis luctus facilisis neque luctus. Hac ipsum imperdiet iaculis eget faucibus lacinia habitant massa. Diam dictumst feugiat metus, dignissim condimentum ridiculus proin sociosqu. </p><p>Luctus tempus, in sagittis laoreet quisque sem auctor dis elementum convallis. Phasellus convallis habitasse dapibus sit ridiculus consequat nascetur libero varius fames. </p><p>Magna dictumst gravida, porttitor felis eleifend ultrices integer? Consectetur porttitor suspendisse at et duis aptent penatibus. </p><p>Fermentum bibendum condimentum suspendisse molestie sed vulputate quam curae;. Faucibus ultrices fames quisque ad ultrices; euismod malesuada nullam? Sed vel duis metus nisl augue placerat adipiscing tempus. Magnis pellentesque quam vivamus risus tellus aliquam mollis nec. Ante etiam curabitur quis penatibus nulla ante hendrerit enim. </p>','Hi-tech','finngre9864','Hac vel pellentesque felis sit.'),(75,0000000000,'2015-02-02 00:00:00','<p>Lorem ipsum primis vestibulum senectus adipiscing pharetra sapien faucibus fermentum convallis porttitor! Lorem ipsum eget taciti vestibulum primis luctus penatibus dui urna fringilla ipsum? Lorem ipsum magna nulla ornare non scelerisque accumsan tellus duis accumsan enim. Lorem ipsum metus nascetur euismod varius pellentesque faucibus nostra semper in netus. Lorem ipsum interdum ultricies semper leo habitant a tortor placerat ac mollis? Lorem ipsum porta nostra rhoncus tristique elit erat at integer neque cum. </p><p>Gravida aliquet erat leo, potenti sem congue tristique feugiat ridiculus est justo? Ante scelerisque justo facilisi metus tortor dapibus posuere magnis urna elementum purus. Semper fringilla non accumsan parturient convallis in diam ut inceptos tortor eget. Tempus vivamus duis commodo interdum nisi aptent litora diam cubilia porttitor ridiculus. Dapibus et molestie himenaeos, consectetur gravida cursus vivamus cubilia orci gravida magna? Erat erat iaculis felis taciti nunc felis etiam massa, nunc rhoncus a? </p><p>Suspendisse ut nisl felis mattis vel nullam euismod dis vehicula. Fermentum fermentum ligula metus eros rutrum quis aliquam integer metus. </p><p>Augue tellus fringilla turpis suspendisse curae; viverra magna. Adipiscing laoreet maecenas semper velit metus tristique nec. Rutrum tortor vulputate maecenas urna cras ac rutrum. Massa integer lacus consequat fusce mauris tempus sit. </p><p>Integer morbi elementum ornare facilisis ad sagittis nullam ligula dapibus torquent habitasse. Sit molestie vulputate quis, sem id venenatis sed dolor taciti cum molestie. Nulla vulputate felis gravida feugiat, litora vel lobortis quam vulputate fusce pretium. Felis massa sollicitudin sociis pharetra ornare lorem consequat sit rutrum arcu mi! </p><p>Arcu neque sollicitudin viverra eros sem vestibulum nostra. Penatibus ligula fusce dictumst in accumsan imperdiet metus. Per auctor consequat vestibulum felis proin torquent luctus. Egestas nisi fames turpis orci eget nascetur fames. </p><p>Nunc nam at nunc molestie magnis velit cum! Mi parturient nec aliquam aptent justo molestie ridiculus? Ut elit, convallis lorem sollicitudin pulvinar imperdiet lacinia. Cubilia conubia mollis nibh neque malesuada ad nascetur. Aliquet pretium aliquet duis aliquam turpis scelerisque tincidunt! </p><p>Ultrices amet congue metus praesent id dictumst cras duis. Consectetur auctor mattis risus nulla porttitor potenti placerat varius? Taciti cubilia aptent vestibulum integer neque condimentum facilisis ligula? Dictumst amet orci egestas nullam sem per dictumst dolor. </p><p>Quam dignissim mauris potenti quis dui lobortis quisque magnis; arcu elementum. Ante cubilia hendrerit bibendum amet tristique lectus ut duis fusce molestie. Litora cras in vestibulum urna malesuada quis sem accumsan pharetra dictumst. </p><p>Felis varius lacus in ullamcorper parturient tristique primis sollicitudin platea augue non. Torquent congue diam ad primis ridiculus parturient nam litora class a vitae! </p>','Hi-tech','finngre9864','Facilisi velit fringilla eros faucibus!'),(76,0000000000,'2015-12-25 00:00:00','<p>Lorem ipsum inceptos consequat porta quam hendrerit tristique augue iaculis. Lorem ipsum eleifend congue torquent lacinia potenti mollis placerat semper. Lorem ipsum dis tristique massa neque malesuada interdum maecenas mus. Lorem ipsum duis molestie lectus sapien lobortis integer dapibus etiam. </p><p>Pellentesque placerat lectus libero velit velit montes gravida quam. Non, urna sapien lobortis velit fusce velit molestie a! Mollis mus elementum tincidunt ac nullam lacinia erat semper. Proin eros dictum orci at praesent metus massa mus. Aliquam morbi felis curae; quisque suspendisse justo imperdiet penatibus. </p><p>Cubilia nec sapien, maecenas dapibus dapibus fringilla condimentum nunc. Urna facilisi imperdiet eleifend vehicula ac, nascetur sed dui. Odio aliquet cum enim non fringilla dignissim porta nibh. Litora cum phasellus nunc, platea ipsum egestas vehicula imperdiet. Ad auctor auctor faucibus taciti amet sapien placerat neque. Ut ipsum faucibus nostra quisque vel, per luctus habitasse. </p><p>Etiam ipsum sit platea, feugiat quisque aenean velit cras! Pharetra sociosqu quam augue convallis quam ultricies feugiat molestie? Purus convallis hendrerit potenti convallis cum lorem commodo facilisi. Feugiat maecenas imperdiet erat convallis eu torquent aenean ullamcorper. Diam volutpat amet, dis viverra torquent vestibulum imperdiet tincidunt. </p><p>Iaculis, lorem purus cum vehicula porttitor consectetur urna litora mus dui. Eu blandit et fringilla lacinia sociosqu, praesent suscipit ad erat placerat. Consectetur faucibus habitasse natoque sodales sit mauris condimentum vehicula sapien sem. Luctus dignissim consectetur mattis dui hac gravida eget inceptos diam rutrum? </p><p>Id a volutpat vehicula nec nisl phasellus nullam consequat. Et potenti ad quisque nisl placerat fermentum etiam urna. Cubilia fames elementum convallis dapibus iaculis nulla, vulputate nisi. Nec taciti massa nullam nascetur adipiscing ridiculus aliquet sociosqu. Mollis penatibus blandit pellentesque elementum taciti, conubia luctus vulputate. Etiam nec litora ligula habitasse nostra nam aenean ipsum. </p><p>Ut tortor platea morbi metus etiam sodales taciti. Sociosqu posuere ac, sit leo dui suscipit eget. Ut tristique dis sapien urna magna felis enim. Massa quisque elit facilisi aliquam pretium montes convallis. </p><p>Class viverra curabitur enim justo at lectus viverra. Praesent taciti, a ultricies vestibulum semper morbi nullam. Consequat cum mi placerat fusce purus dapibus auctor. </p><p>Massa commodo laoreet auctor lobortis id velit tincidunt cursus nostra rutrum. Odio elit viverra neque sed tortor himenaeos nulla pharetra orci rhoncus. Suspendisse ultrices fames cum mollis et litora euismod torquent consectetur dolor? Curae; himenaeos in lacus sed lacinia commodo suspendisse lacus eget a. Fames in porttitor; vel scelerisque semper laoreet nisl ac eros natoque? Nisl congue fusce eget imperdiet nunc enim ut arcu consequat orci. </p><p>Neque taciti magnis elit commodo posuere tempus, at ante ultrices? Class facilisi nibh natoque nibh scelerisque enim tortor orci volutpat. Nostra nisi id dis nulla purus accumsan vel, per sit. </p>','Archive','finngre9864','Mauris lectus rhoncus suscipit potenti.'),(77,0000000000,'2014-01-16 00:00:00','<p>Lorem ipsum odio senectus felis velit magna elementum ornare tempus parturient? Lorem ipsum hac non vestibulum in feugiat urna auctor interdum ante. Lorem ipsum habitant ipsum nunc maecenas felis facilisis vestibulum tempor sollicitudin. Lorem ipsum mauris risus a dignissim class parturient facilisis dictumst eu. </p><p>Vivamus nascetur, condimentum nullam vel arcu quis porttitor litora nisl erat ornare. Elementum proin eget natoque purus velit nam adipiscing aliquet vitae dictumst bibendum. Purus magnis eros risus metus ad nulla ornare eleifend consequat suscipit eget. </p><p>Placerat senectus morbi malesuada nec litora fermentum ultricies. Sed eleifend tellus augue luctus conubia venenatis justo. Eu scelerisque eros elit pulvinar lacus scelerisque nibh. Lacus etiam tempor proin, porttitor ultricies dictumst commodo. Tincidunt platea neque hac arcu ipsum lorem mauris. Duis tempor elementum facilisi placerat sem porttitor molestie. </p><p>Vivamus adipiscing duis felis hendrerit per neque at ullamcorper aliquet cras. Rutrum arcu fringilla mattis nulla cubilia turpis facilisis porttitor varius mi. Aliquam senectus eleifend placerat volutpat ligula habitant dui sit eu tempus. Rutrum amet magnis class accumsan purus quisque quam euismod facilisis posuere. Neque interdum torquent posuere tempus arcu risus hendrerit viverra eu dolor. </p><p>Est auctor vitae quis mollis cubilia odio inceptos augue elit! Diam lectus iaculis cursus ipsum odio ut dolor a nisl. Bibendum adipiscing hendrerit morbi tellus himenaeos faucibus nullam at laoreet. Pulvinar habitasse gravida potenti vitae curae; convallis mi libero dolor. Mollis nostra ut aliquam dignissim euismod elit ipsum eget malesuada. Penatibus faucibus velit posuere iaculis condimentum magnis ridiculus venenatis diam. </p><p>Viverra conubia non orci dignissim dapibus suspendisse magna hendrerit libero cum quis. Maecenas blandit sollicitudin quam sagittis iaculis posuere urna congue amet nibh pretium. Curae; dui fermentum netus dictum aliquet scelerisque enim vivamus penatibus, leo dui. Tristique inceptos himenaeos taciti, venenatis sociosqu etiam himenaeos parturient auctor nunc nostra. Tincidunt hac viverra quam blandit potenti consequat id blandit placerat dolor arcu. </p><p>Eleifend vel augue, enim euismod massa dis ad! Eros gravida volutpat class iaculis litora nulla dignissim. Varius mollis porttitor nullam mus scelerisque curabitur rutrum. </p><p>Lectus fermentum sagittis sollicitudin semper amet tellus quam. Volutpat fringilla laoreet ad nibh porta nibh porta. Class augue erat pellentesque felis erat, dolor lorem. Dictum facilisi placerat, parturient malesuada aliquet sagittis ipsum. Sagittis nostra ante vitae mauris imperdiet felis rutrum. </p><p>Nullam velit nullam est dapibus gravida imperdiet tincidunt auctor risus vehicula massa. Aenean turpis habitant habitasse risus senectus cum eget ipsum mauris nisi odio. Aenean vulputate nulla dolor inceptos nibh habitant maecenas non mauris suscipit eleifend. Quis dignissim magnis facilisis sodales tortor aliquet class ultrices dictum torquent erat. Iaculis metus vulputate augue at morbi malesuada egestas nibh posuere lobortis parturient! Nostra sociosqu placerat, praesent pellentesque parturient class etiam et imperdiet tristique convallis. </p><p>Nibh senectus elementum velit ac curabitur ac aliquet rutrum montes varius tellus. Ante felis pharetra torquent ligula malesuada massa sem montes enim fames augue. </p>','Fun','finngre9864','Himenaeos dictum conubia volutpat vivamus.'),(78,0000000000,'2015-12-13 00:00:00','<p>Lorem ipsum varius faucibus tortor nulla ligula tempor praesent bibendum interdum felis hac. Lorem ipsum taciti accumsan commodo platea euismod natoque nascetur dolor felis malesuada porta. Lorem ipsum litora blandit gravida eu egestas per risus condimentum rhoncus quis ac. </p><p>Nunc per enim torquent nisi laoreet facilisis aliquet inceptos risus cursus. Fermentum mattis iaculis magna urna tristique blandit sodales egestas rutrum vestibulum. </p><p>Amet et vivamus felis pulvinar, ad scelerisque conubia sociosqu nam primis tellus. Potenti eu volutpat ridiculus nec enim netus amet gravida ornare faucibus mauris. Torquent faucibus non nunc venenatis nullam; orci tellus neque dignissim vestibulum malesuada. </p><p>Fusce quam felis lectus dictumst ut non arcu et at odio est! Elementum parturient accumsan dignissim mattis diam ante gravida mattis tempor porttitor fringilla. </p><p>Ullamcorper sodales risus montes taciti diam rutrum lorem. Elit placerat habitasse enim phasellus at nisi interdum. Tortor euismod, cras hac mattis vestibulum cras proin. Sem parturient id turpis taciti praesent mi magnis. Sapien pulvinar integer, est ridiculus non congue aliquet? Accumsan augue justo eget platea montes nec lectus. </p><p>Blandit suspendisse venenatis mollis ultricies platea tristique ipsum. Ad per neque ultrices odio mollis platea magna. Feugiat ut porttitor condimentum; urna proin egestas penatibus. </p><p>Scelerisque eleifend varius velit nostra velit at facilisi libero! Fusce consectetur lorem ante nam luctus nullam porta mattis? Pretium mus euismod volutpat quis ut tristique aliquet dis! </p><p>Torquent aptent arcu habitant lectus potenti platea scelerisque varius congue adipiscing. Rhoncus purus nisi lectus mi lobortis pulvinar et fringilla orci mauris. Cubilia accumsan a urna metus, cursus porttitor sagittis pulvinar elit eget? Nec porttitor nostra facilisi praesent; dictumst platea semper mauris commodo eu. Condimentum sagittis tincidunt leo enim eu augue penatibus penatibus donec proin. </p><p>Tincidunt interdum faucibus, felis sodales donec eu fusce dolor sapien. Accumsan tempus posuere ipsum adipiscing litora felis ac risus cras. Curabitur luctus vehicula vel eros scelerisque tristique nibh pretium pretium. A dis tincidunt dolor auctor suscipit penatibus elit ullamcorper scelerisque. Nostra cum cursus tortor tellus habitasse nostra malesuada nisl risus. </p><p>Consectetur fusce lacinia rhoncus ante dolor interdum pulvinar orci ligula facilisi praesent! Mattis iaculis sed integer fermentum dis ultrices convallis ipsum enim elit purus. Bibendum sodales est justo semper felis non sed convallis nullam sapien malesuada? Molestie bibendum, pharetra himenaeos ipsum fames est integer quis cubilia curabitur dui. Ultricies nec potenti sociis hac erat velit litora pellentesque litora magna porta. </p>','Archive','finngre9864','Luctus parturient fames aliquet. Lorem.'),(79,0000000000,'2015-10-24 00:00:00','<p>Lorem ipsum molestie ut magna ante montes primis cubilia habitant purus. Lorem ipsum lacinia condimentum vel interdum facilisi cum dolor fusce ullamcorper? </p><p>Pulvinar; nascetur nascetur varius phasellus ullamcorper sapien condimentum urna. In pretium mattis eros phasellus interdum pharetra tincidunt pretium. Class pulvinar rutrum bibendum sed sollicitudin molestie adipiscing ornare. </p><p>Posuere sodales convallis bibendum laoreet dictum luctus litora? Nec auctor arcu sollicitudin adipiscing vulputate luctus vel? Consequat penatibus facilisi pretium commodo consequat feugiat lectus. Malesuada nisl, ultricies ut accumsan curabitur in donec. Nibh augue ipsum ad integer sapien justo vehicula. Litora massa, morbi aliquet morbi litora tempor nibh. </p><p>Lobortis egestas auctor egestas habitant nisl fusce mattis platea! Montes ornare magna proin faucibus pulvinar molestie hac aliquet. Varius class erat senectus aliquet nisl volutpat auctor cras. Etiam aliquam luctus netus habitant purus porta viverra nisi. Pretium tempor duis cursus, tincidunt ac potenti enim facilisi. Viverra, porta sociosqu amet est pulvinar convallis mus at. </p><p>Viverra risus pellentesque, id platea pharetra per dapibus! Bibendum, imperdiet metus etiam taciti ornare dignissim sem. Ac sociosqu interdum adipiscing vehicula tellus ornare tempus. Nisl pretium metus phasellus eleifend lacinia, suspendisse id. Interdum tristique nisl dapibus ac est et nulla. Lacus tempus mus vel nisi aptent dictumst blandit. </p><p>Dolor lorem semper, per neque habitant conubia penatibus leo. Netus sed pellentesque mus egestas magnis dictumst ac sociosqu. Felis justo eget nec vivamus nostra vivamus nisl justo? Aliquet pulvinar fringilla blandit nam fusce donec mus cubilia. Facilisis elit sociis semper nullam mi pharetra eros ridiculus. </p><p>Pulvinar mauris nullam platea mollis, feugiat phasellus habitant consectetur? Elit felis venenatis cras habitant cubilia litora vel nunc. Curabitur vestibulum suspendisse dignissim massa auctor ullamcorper ullamcorper primis. Diam ullamcorper fames, malesuada venenatis nulla ut vitae porttitor? Elementum nostra sagittis molestie aenean facilisi consequat curae; consectetur. </p><p>Netus dis, nibh egestas nascetur ipsum sapien per sociis netus. Dis commodo aptent vitae accumsan gravida dis vivamus dapibus nulla. Congue convallis suscipit nec lorem venenatis aenean libero per congue. </p><p>Diam varius euismod interdum nascetur tellus accumsan hac ultrices dis luctus erat. Natoque dictumst suspendisse iaculis curae; praesent litora blandit ipsum leo cras augue. Faucibus dapibus lobortis sapien imperdiet quis mauris suscipit metus nostra posuere nunc. Integer inceptos imperdiet condimentum, praesent montes commodo morbi rhoncus mi proin torquent! Tortor vehicula taciti neque pretium tristique morbi tempor vitae velit aliquam class. </p><p>Penatibus mus potenti adipiscing at aliquet sodales malesuada. Cursus curabitur hendrerit iaculis porta facilisis consectetur natoque. </p>','Fun','finngre9864','Dolor, rhoncus condimentum fames mattis.'),(80,0000000000,'2014-08-15 00:00:00','<p>Lorem ipsum ipsum arcu egestas viverra curabitur metus per semper. Lorem ipsum luctus metus lacus donec pretium libero cursus per? </p><p>Sociosqu id vestibulum aliquet porta scelerisque lacus vel sociosqu sollicitudin felis blandit! Neque nullam libero rutrum class vel dictum rhoncus, malesuada nec cubilia tempor. A et, posuere molestie sociis porta molestie nascetur potenti tortor vitae velit. Hendrerit venenatis condimentum augue mi orci himenaeos nunc erat at egestas vel. Libero enim sed convallis dignissim bibendum conubia sodales vestibulum ipsum lorem sagittis! </p><p>Nec dictum fames integer semper cras sollicitudin nascetur potenti. Ornare iaculis consectetur, lacus lobortis auctor senectus dictumst ipsum. Potenti imperdiet ultricies in mi penatibus ut aliquam aliquam? Quisque, nullam lobortis cubilia gravida sociis erat fames hac. </p><p>Sed neque cubilia pulvinar nullam placerat per massa. Suspendisse justo a elementum dictumst dolor ipsum dis. </p><p>Viverra risus dictum natoque netus class integer feugiat scelerisque eros tellus quam. Hendrerit imperdiet himenaeos montes arcu mi sociosqu integer class sed magnis iaculis. Sociis id at varius montes curabitur enim penatibus ligula convallis faucibus senectus. Sociis arcu mus risus risus nam nostra suspendisse; phasellus laoreet proin penatibus. Molestie viverra nibh scelerisque lobortis ultricies porttitor velit nullam nibh pellentesque penatibus. </p><p>Cursus vestibulum vulputate malesuada gravida dignissim tempor quis velit. Elementum vehicula mollis nunc pellentesque ullamcorper enim pharetra nascetur! Curae; lacus laoreet fermentum dis sit justo fames rhoncus! Facilisis dui sem vel hac conubia in bibendum venenatis. </p><p>Curabitur felis penatibus sed nullam quis taciti etiam arcu commodo. Magnis vestibulum a montes cubilia, curabitur tristique aenean molestie massa? Posuere purus fringilla vivamus cubilia ut class leo tincidunt arcu? Cubilia lacus justo tincidunt torquent aptent nec porta ad dapibus. </p><p>Eget praesent ante aliquam donec consectetur mus vulputate. Ultrices ante inceptos enim diam faucibus tincidunt feugiat. Ridiculus dignissim sem aenean ad bibendum at sodales. Potenti id lectus sit sed ridiculus dolor pellentesque. Sagittis et fusce integer laoreet vestibulum, elementum fames. Faucibus amet commodo bibendum erat, vitae sociosqu orci. </p><p>Tempor consequat tincidunt neque consequat duis id eleifend. Molestie sit dictum facilisi aptent sociis nec massa. </p><p>Consequat torquent accumsan facilisis duis dapibus lacinia ac. Volutpat nostra porta scelerisque duis tempus cras laoreet? Pulvinar ligula curae; habitant ac augue tristique vivamus. Dui a aliquet, nulla mauris magna vitae volutpat. </p>','University','marpo5956','Consequat vehicula rhoncus nostra ut.'),(81,0000000000,'2015-01-20 00:00:00','<p>Lorem ipsum habitasse tortor libero dis etiam, phasellus convallis bibendum amet morbi facilisis consectetur. Lorem ipsum suscipit conubia, accumsan est elementum molestie rutrum sed inceptos cubilia amet odio. Lorem ipsum posuere risus amet nibh placerat eget ligula metus tortor sapien ipsum praesent. </p><p>Phasellus amet, orci habitant nisi sagittis nibh a leo convallis elementum! Parturient fermentum, ipsum aenean bibendum ultrices tellus scelerisque feugiat sollicitudin erat. Posuere fermentum senectus auctor aenean natoque quisque commodo blandit pellentesque bibendum? Dolor vitae felis eros turpis primis viverra tempus hac feugiat vehicula. </p><p>Pellentesque dignissim sodales aenean habitasse, quam porttitor porttitor laoreet et orci molestie. Consectetur libero penatibus dictumst tristique ad bibendum quis quisque euismod non himenaeos. Dis facilisis ante gravida feugiat ad nam tempus fames pharetra et pulvinar? Ad dictum faucibus mollis mi nibh libero morbi penatibus nunc varius nisl. Augue ipsum lectus tortor, mauris congue interdum leo ornare elit diam risus. </p><p>Pellentesque magnis eget etiam adipiscing eget turpis amet magna. Tortor laoreet quis nostra ornare massa nec pharetra natoque. Rhoncus neque fusce massa fusce sapien mollis at neque. Enim gravida lorem vulputate vitae cras, risus mus sem. Dapibus aenean netus sollicitudin tempor felis malesuada platea venenatis. Habitant dapibus, est dignissim rutrum facilisis suscipit eu urna! </p><p>Netus dis suspendisse feugiat bibendum adipiscing curae; vehicula cras. Platea gravida ridiculus feugiat consectetur hendrerit sodales dictumst purus. Mauris elementum penatibus ultricies mus lobortis risus vivamus a. Fusce montes vel parturient parturient natoque venenatis suscipit condimentum. Habitasse bibendum massa primis consequat ad interdum morbi pretium? Mi quisque sit pretium, vivamus blandit sodales venenatis tempus. </p><p>Lobortis ultricies suscipit feugiat ut ante mauris cursus conubia in, phasellus penatibus. Natoque, velit ipsum facilisis massa class habitant praesent suspendisse imperdiet eu leo. Facilisis tortor inceptos eget donec interdum diam sodales est hendrerit at faucibus. </p><p>Interdum curae; phasellus magnis faucibus non nascetur eleifend. Felis mattis viverra sociis hendrerit nostra porttitor tellus? </p><p>Non nibh lacus curae; at aptent suscipit mattis scelerisque. Maecenas commodo placerat curabitur gravida eget aliquam natoque cubilia! Vel sagittis commodo habitasse fringilla orci dui in molestie. </p><p>Et elementum eu neque est mauris vulputate purus habitasse massa. Duis ligula phasellus aliquam elit eros nascetur sem euismod non? A ultrices sollicitudin nullam quisque per nisi senectus sed venenatis. Dui luctus dignissim sollicitudin massa dolor facilisi morbi congue habitant. </p><p>Amet tellus tortor facilisi tellus lacus adipiscing nullam cubilia libero proin. Lacus nibh lorem conubia fermentum donec fames ipsum dolor eu habitant. Nullam congue fringilla sit dapibus amet adipiscing accumsan tellus vitae iaculis. Orci class enim semper luctus imperdiet ut eros magnis natoque lorem? </p>','Archive','marpo5956','Ac risus natoque commodo id.'),(82,0000000000,'2014-06-12 00:00:00','<p>Lorem ipsum ut tellus nunc, tellus tristique gravida feugiat quam praesent et amet! Lorem ipsum lectus natoque turpis facilisi aliquet consequat diam proin, mattis proin justo. Lorem ipsum est turpis rhoncus montes faucibus ipsum arcu nisi netus dis pellentesque. Lorem ipsum diam suspendisse orci fames class accumsan montes ac felis vel cras. Lorem ipsum id dis sociis et, mattis curae; pellentesque cum luctus cursus sit. </p><p>Class iaculis vitae hac consequat pellentesque faucibus ad sem curabitur. Potenti vestibulum lectus senectus aenean donec purus scelerisque cursus nam. Magna dui aenean sociis ligula praesent potenti vivamus phasellus rutrum. Sollicitudin habitant mus faucibus inceptos ipsum justo habitasse lacinia magnis. Feugiat placerat platea sociis orci venenatis imperdiet sociis porttitor velit! </p><p>Viverra dictumst sit augue curabitur purus eros amet ridiculus turpis nibh accumsan. Accumsan convallis nisl lorem hac suscipit pulvinar per est iaculis tortor hendrerit! Ante convallis etiam netus ultricies elit sodales nullam imperdiet rutrum fusce auctor. </p><p>Netus penatibus etiam taciti eu turpis curabitur eleifend. Vulputate convallis viverra sollicitudin quis malesuada cubilia vitae. </p><p>Proin nec cum auctor lobortis magna fames justo lacinia? Tempor aliquet dis integer, proin porta porttitor mattis interdum. In facilisis accumsan ornare a tincidunt sociosqu mollis pellentesque. </p><p>Justo, viverra vel non nibh congue sagittis interdum sodales! Ornare in proin sit mi duis molestie feugiat torquent? Nunc magnis pulvinar ultricies commodo viverra habitasse dis ante? Varius dignissim metus dapibus consequat orci volutpat arcu eu! Cursus nibh mus consequat velit aptent torquent aliquam quam. Senectus aliquam montes pretium ullamcorper sit est egestas odio. </p><p>Maecenas himenaeos fusce ullamcorper ornare laoreet est, sagittis semper ut. Magna rhoncus sociis ornare primis posuere, dictumst dis himenaeos hac. Lacinia varius feugiat aliquam adipiscing elementum convallis nibh litora elementum. Nullam a malesuada elit feugiat adipiscing eros senectus bibendum et. </p><p>Libero ullamcorper feugiat lacinia etiam dui augue lacinia ultricies. Sollicitudin sociis habitasse ut nisi placerat platea feugiat sociis! Morbi integer euismod morbi ultricies enim ultrices posuere sapien. </p><p>Torquent placerat luctus nascetur semper adipiscing arcu platea primis porttitor? Placerat fusce tempor curabitur eleifend sodales mattis viverra fringilla sociosqu? Suscipit pretium dictumst dapibus nunc vivamus at orci eget nibh. </p><p>Laoreet maecenas malesuada sapien platea cursus gravida mollis proin aenean? Tortor facilisis sociis hac a, dictum etiam justo et blandit. Egestas sit cubilia placerat lacus et sapien ornare nostra risus. </p>','Fun','marpo5956','Adipiscing id elit rutrum dictumst.'),(83,0000000000,'2014-11-21 00:00:00','<p>Lorem ipsum bibendum facilisis sapien fusce id porttitor morbi ut nisl fringilla fermentum sem? Lorem ipsum parturient taciti lorem torquent viverra aliquet consectetur, eleifend rutrum egestas metus quam. </p><p>Est faucibus lorem tincidunt, netus orci elementum sapien congue primis hac! Magnis facilisis nascetur ante blandit sit vel hac ridiculus mauris sollicitudin. Felis dignissim aliquam lacus mattis inceptos congue consectetur est nibh curae;. Ante mattis dictum tempus pulvinar placerat taciti risus urna blandit senectus. Bibendum nullam penatibus suscipit cras phasellus urna id congue eleifend eros. </p><p>Adipiscing condimentum risus convallis varius vehicula sociis montes placerat non mauris! Taciti gravida quis leo nascetur tellus, turpis bibendum class suscipit platea. Imperdiet natoque metus primis euismod dictumst dignissim dapibus porta consectetur magna. Dolor proin morbi volutpat tristique cum turpis mus urna luctus placerat. </p><p>Commodo tristique magnis ligula mauris inceptos facilisis risus mus ullamcorper. Maecenas mollis inceptos tempus aliquam aenean molestie scelerisque sapien mollis? </p><p>Nulla viverra hac pharetra metus varius ante faucibus litora, amet conubia. Sapien elit laoreet dui integer elit dis, mauris maecenas facilisis elit. </p><p>Potenti velit, mauris venenatis felis nunc donec arcu quis dolor orci. Ut sagittis orci viverra dolor tortor consectetur eleifend parturient blandit nisi. Primis tellus odio facilisi turpis eros potenti etiam est consequat nam. Sapien penatibus ornare, luctus facilisis est vel facilisis porta fames sociis? Consequat convallis accumsan volutpat id lectus at volutpat at eu auctor. Viverra augue nunc nunc hac mi, mattis cursus class eget parturient. </p><p>Odio; sociis cubilia purus senectus senectus potenti gravida vivamus dui tristique. Nec sed euismod nunc vehicula tellus penatibus platea accumsan tristique mi. Per venenatis, lobortis malesuada dui eu cursus vulputate tellus nulla tempus. Vestibulum proin inceptos ultricies malesuada mattis fermentum sagittis nec ullamcorper id. Id platea conubia tempor curae; cras eget feugiat id class est. Elit elementum vestibulum volutpat interdum mauris, vel nisl vel quisque proin. </p><p>Varius nostra semper vulputate nisi vehicula aenean torquent fusce! Mi inceptos nullam curabitur imperdiet commodo felis accumsan sollicitudin. Morbi malesuada risus ligula laoreet dapibus accumsan sociis a? Tempor habitant etiam feugiat viverra, facilisis ridiculus inceptos velit! Taciti gravida augue felis vulputate iaculis proin enim justo. Nec velit id, dolor aliquam eros eu potenti hendrerit. </p><p>Sit sollicitudin eleifend nec nostra tellus sagittis ante ullamcorper. Purus consectetur nostra ad sit sollicitudin; habitant elementum lorem. Malesuada in purus vestibulum ipsum dis ac urna non. Donec ultricies varius viverra fames convallis luctus interdum convallis. Donec, adipiscing erat nostra eros neque facilisi tristique vitae. Molestie magnis aliquet dictumst consectetur urna leo vehicula diam. </p><p>Potenti aliquam lobortis auctor fames proin condimentum elementum inceptos ultricies nulla. Aptent, ultrices nostra mi hendrerit purus in vel orci eleifend egestas. Tellus quis, dictum amet ullamcorper placerat magna magna facilisi nascetur suscipit! Nam cubilia, tristique euismod libero pulvinar sodales auctor vivamus vehicula nam. Consequat nisl taciti diam porttitor hac sociis platea aenean amet elementum. Pulvinar torquent habitasse augue odio fusce aliquam magna semper nunc mus. </p>','Hi-tech','marpo5956','Elementum dignissim euismod ipsum a.'),(84,0000000000,'2016-03-20 00:00:00','<p>Lorem ipsum suscipit imperdiet ultrices, mollis erat purus nisi congue hendrerit pretium nam inceptos! Lorem ipsum sociis cum sollicitudin convallis eget justo blandit gravida quam platea suscipit interdum. Lorem ipsum ut posuere parturient pulvinar pharetra consectetur consectetur class convallis nibh bibendum ac. </p><p>Maecenas curae; elementum ullamcorper lacinia nam pellentesque, lobortis sociis blandit. Non diam pulvinar morbi consequat mollis pharetra, phasellus pharetra curabitur. Mus cubilia ad sociosqu augue aptent justo platea parturient in. </p><p>Sociis turpis cum orci magna augue sem suscipit aliquet. Natoque interdum nisl mus proin, suspendisse ipsum euismod tempor. Nec urna vulputate tempus primis metus sit fermentum nascetur! </p><p>Tortor fusce class justo rhoncus dapibus pharetra a dui iaculis placerat morbi? Cum maecenas malesuada eros dolor fringilla elit condimentum id phasellus mattis aliquet. Lectus duis odio cursus praesent est porttitor et tortor at convallis lectus. Lacus condimentum quam in nec cubilia, aenean blandit torquent ad nisl sem? Consectetur, venenatis mattis vestibulum in fusce odio placerat ligula taciti porta phasellus. Fringilla dui gravida phasellus lobortis hac viverra eros placerat fusce duis ipsum. </p><p>Tristique netus tempor himenaeos pharetra turpis accumsan habitant. Senectus sodales auctor, parturient tempor gravida ullamcorper penatibus. Nisi elementum euismod maecenas ad odio curabitur semper. </p><p>Placerat egestas suscipit dictumst orci vehicula congue urna id at vulputate. Euismod faucibus nunc justo sodales penatibus erat hendrerit platea conubia nibh! Felis orci metus sociis mollis magnis dictum sed facilisis gravida proin. Morbi elementum luctus purus nisi himenaeos pretium iaculis vivamus phasellus eu. Posuere aliquam class volutpat risus felis lacinia at primis litora sagittis. </p><p>Eu quisque, libero platea egestas metus neque sed! Sodales, iaculis at sem rutrum ligula quisque magna. Dignissim mauris augue semper purus mattis neque habitasse. </p><p>Eget felis vel amet amet maecenas nec parturient facilisis. Mus purus eros phasellus quis turpis ornare malesuada aptent. Phasellus lacus sagittis molestie penatibus, iaculis metus dictumst suspendisse. Ullamcorper vehicula neque nunc per nostra fringilla fames convallis. Nec ultricies lobortis facilisis hendrerit, rhoncus velit faucibus massa. </p><p>Iaculis netus praesent porttitor mollis imperdiet at molestie, eget metus at. Habitant dictumst tellus non nostra sollicitudin mattis vitae orci et integer! </p><p>Habitant eleifend ornare orci congue at ridiculus non. Mattis eleifend fusce mus montes ultricies phasellus condimentum. </p>','Fun','marpo5956','Libero penatibus phasellus senectus class?'),(85,0000000000,'2016-09-10 00:00:00','<p>Lorem ipsum etiam hendrerit auctor sociosqu nibh torquent natoque molestie odio maecenas turpis consectetur. Lorem ipsum metus tellus urna proin luctus non class, convallis nisi commodo faucibus lacus! </p><p>Neque varius tincidunt adipiscing id himenaeos taciti ante proin lorem leo! Porta condimentum amet aliquam facilisis ligula semper conubia proin metus magna. </p><p>Vitae vivamus suscipit eu imperdiet ante urna habitasse aptent est. Inceptos leo; praesent lobortis dictum lobortis non malesuada vulputate felis. Quisque potenti hendrerit odio malesuada fringilla pretium, ad dolor mauris. </p><p>Scelerisque gravida consequat luctus maecenas laoreet lobortis tempus dui! Penatibus molestie luctus sed rhoncus, sollicitudin tincidunt metus mi. Non porta inceptos posuere montes venenatis morbi purus dui. Facilisis venenatis facilisi phasellus dui donec, ultrices nam leo. Pellentesque massa non luctus dolor sodales mus est dictumst. Litora lacinia; facilisi enim penatibus etiam lectus dictumst ullamcorper. </p><p>Aliquet aptent nec fusce ullamcorper eleifend laoreet nibh, eu magnis placerat torquent. Pellentesque etiam feugiat nisl habitant bibendum auctor dolor dolor massa risus lectus. Viverra curae; nascetur torquent quis nullam quis augue leo purus vivamus iaculis. Euismod pulvinar cubilia eget sociosqu eros venenatis fermentum dolor cursus ad netus. </p><p>Morbi placerat et curae; vulputate suspendisse euismod quam lectus ridiculus. Turpis proin mus suspendisse vulputate neque suspendisse litora aliquam turpis. Consectetur arcu, vulputate interdum congue habitasse id mattis nascetur proin. </p><p>Habitasse sociis a posuere sociis ornare sit fames donec viverra ac adipiscing. Montes eget conubia, porta eu habitasse phasellus et primis potenti tempus sollicitudin. Habitasse curabitur quis augue platea ut mus posuere sollicitudin iaculis orci ornare? Imperdiet tortor in quisque parturient tristique nibh mattis primis taciti ac erat. </p><p>Facilisi velit; nascetur leo viverra hac praesent diam congue orci ad! Facilisis molestie hac consequat venenatis primis placerat mauris sit urna placerat. Eleifend vitae pharetra habitant praesent, natoque luctus phasellus proin risus fermentum. Nullam quam nisi ac dolor nunc dignissim leo aenean aliquet nunc. Fusce tellus, magna luctus ullamcorper parturient mi blandit hac mi molestie. Placerat adipiscing egestas primis ad porta vivamus auctor velit eros mauris. </p><p>Libero quam orci habitasse purus phasellus suspendisse aenean fermentum sodales. Sem interdum tincidunt curae;, congue viverra ipsum ullamcorper accumsan sagittis? Dignissim curabitur facilisis penatibus dolor eros dictumst sagittis neque justo? Non viverra, egestas praesent metus dictumst ad nunc tempor potenti. Eu vehicula eleifend praesent dapibus lorem taciti nam non nostra. Erat justo tincidunt sed tincidunt nunc ridiculus himenaeos aptent dapibus. </p><p>Netus amet cras consequat porttitor, sit nisl velit est. Tempor himenaeos integer maecenas gravida accumsan ornare bibendum libero. Consequat euismod mi tortor et nibh tristique dictumst donec. Aliquam phasellus laoreet suscipit varius leo montes ante arcu? </p>','Fun','marpo5956','Phasellus magna placerat iaculis. Ut.'),(87,0000000003,'2016-11-23 08:37:43','<h3>Hello, there !</h3>\r\n<p>Welcome to the new blog platform!</p>\r\n<p>Picture:</p>\r\n<p>&nbsp; &nbsp; &nbsp; &nbsp; &nbsp; &nbsp;<img src=\"https://res.cloudinary.com/ruszh/image/upload/v1479887837/jjb8hchqy0r9vbgzdpya.jpg\" width=\"200\" /></p>\r\n<p>Nice quote here:</p>\r\n<blockquote>If I had a world of my own, everything would be nonsense. Nothing would be what it is, because everything would be what it isn\'t. And contrary wise, what is, it wouldn\'t be. And what it wouldn\'t be, it would. You see?\r\n<p><br /> Lewis Carroll, Alice\'s Adventures in Wonderland &amp; Through the Looking-Glass</p>\r\n</blockquote>\r\n<p>and math formula:</p>\r\n<p>x<sup>2</sup>+y<sup>2</sup>=z<sup>2</sup></p>','Uncategorized','rustam','Welcome to the brand new blogging platform!'),(88,0000000001,'2016-11-24 05:48:42','<p>This is the post bodysfddfgbhnmdfghjkdfghjkl</p>\r\n<p><img src=\"https://res.cloudinary.com/ruszh/image/upload/v1479966511/xrtdc9fgqxlflhxhzjo8.jpg\" /></p>\r\n<p>Editted</p>','Uncategorized','leha_raketa96','My first post'),(89,0000000000,'2016-11-23 19:54:18','<p><img src=\"https://res.cloudinary.com/ruszh/image/upload/v1479930855/cv2wnkka0pp8wkmmwbo6.jpg\" />asadfghj</p>','Uncategorized','leha_raketa96','My second post'),(90,0000000001,'2016-11-23 17:59:39','<p><img src=\"https://res.cloudinary.com/ruszh/image/upload/v1479923948/tkmfk1beslmnx3h8agcb.jpg\" /></p>\r\n<p>Fish, just fish, simple small fish</p>','Fun','alex','My third post');
/*!40000 ALTER TABLE `post` ENABLE KEYS */;
UNLOCK TABLES;

--
-- Table structure for table `user`
--

DROP TABLE IF EXISTS `user`;
/*!40101 SET @saved_cs_client     = @@character_set_client */;
/*!40101 SET character_set_client = utf8 */;
CREATE TABLE `user` (
  `nickname` varchar(15) CHARACTER SET utf8 NOT NULL,
  `name` varchar(20) CHARACTER SET utf8 NOT NULL DEFAULT 'Mr. Smith',
  `password` varchar(20) CHARACTER SET utf8 NOT NULL,
  `type` varchar(15) CHARACTER SET utf8 NOT NULL DEFAULT 'user',
  `email` varchar(45) CHARACTER SET utf8 DEFAULT NULL,
  `avatar` tinytext CHARACTER SET utf8,
  PRIMARY KEY (`nickname`),
  UNIQUE KEY `Nickname_UNIQUE` (`nickname`)
) ENGINE=InnoDB DEFAULT CHARSET=utf8 COLLATE=utf8_unicode_ci;
/*!40101 SET character_set_client = @saved_cs_client */;

--
-- Dumping data for table `user`
--

LOCK TABLES `user` WRITE;
/*!40000 ALTER TABLE `user` DISABLE KEYS */;
INSERT INTO `user` VALUES ('adenpage5216','Aden Page','WZJ1K8W4R','editor','Ad.PAGE9180@reallymymail.com','http://placehold.it/40x40'),('admin','Admin','mainadmin','admin','admin@mainadmin.com','https://res.cloudinary.com/ruszh/image/upload/v1480056704/kueq7aeuqjbjwl2z6wbo.jpg'),('alex','Alex','alex','editor','','https://res.cloudinary.com/ruszh/image/upload/v1479923894/nullgvzsztwnwpmkl6hc.jpg'),('ashlr8014','Ashlynn Roy','LEP7P3E8B','editor','Ash.RO1509@reallymymail.com','http://placehold.it/40x40'),('brispere5876','Bristol Perez','AHI1V5P6G','editor','Bristo.PE1612@yopmail.com','http://placehold.it/40x40'),('daliadal2828','Dalia Dalton','YWO4T3G7B','editor','Dali.DALT2923@yopmail.com','http://placehold.it/40x40'),('ellba7994','Ellie Baker','XML2O0X8J','editor','El.BAK2293@yopmail.com','http://placehold.it/40x40'),('finngre9864','Finn Greene','GRK5U1N5U','editor','Fi.GREEN9320@reallymymail.com','http://placehold.it/40x40'),('leha_raketa96','Alexey','29051996ama','editor','leha_raketa96@mail.ru','http://placehold.it/40x40'),('LoolzRules','loolzrules','LoolzRules','editor','loolzrules@gmail.com','http://placehold.it/40x40'),('marpo5956','Marlee Potts','AFD4M5V6W','editor','Mar.POTT8656@yopmail.com','http://placehold.it/40x40'),('rustam','Rustam Zhumagambetov','98765432','admin','fakeemail@email.com','http://placehold.it/40x40'),('rylod5123','Rylie Odom','VCT5M2S9S','editor','Ryli.OD1288@yopmail.com','http://placehold.it/40x40'),('testuser','testuser','testuser','user','testuser@testuser.com','https://res.cloudinary.com/ruszh/image/upload/v1480057046/deqajbgozfd3az1b7o5o.png'),('wilchan5080','Willa Chaney','JRM5J5O2E','editor','Willa.CHAN9281@mailinator.com','http://placehold.it/40x40'),('zarileona1006','Zariah Leonard','GMD4S7P8Q','editor','Zaria.LEO2561@yopmail.com','http://placehold.it/40x40');
/*!40000 ALTER TABLE `user` ENABLE KEYS */;
UNLOCK TABLES;

--
-- Table structure for table `user_likes_post`
--

DROP TABLE IF EXISTS `user_likes_post`;
/*!40101 SET @saved_cs_client     = @@character_set_client */;
/*!40101 SET character_set_client = utf8 */;
CREATE TABLE `user_likes_post` (
  `user_nickname` varchar(15) CHARACTER SET utf8 NOT NULL,
  `post_postId` int(10) unsigned NOT NULL,
  PRIMARY KEY (`user_nickname`,`post_postId`),
  KEY `fk_User_has_Post_Post1_idx` (`post_postId`),
  KEY `fk_User_has_Post_User_idx` (`user_nickname`),
  CONSTRAINT `fk_User_has_Post_Post1` FOREIGN KEY (`post_postId`) REFERENCES `post` (`postId`) ON DELETE CASCADE ON UPDATE CASCADE,
  CONSTRAINT `fk_User_has_Post_User` FOREIGN KEY (`user_nickname`) REFERENCES `user` (`nickname`) ON DELETE CASCADE ON UPDATE NO ACTION
) ENGINE=InnoDB DEFAULT CHARSET=utf8 COLLATE=utf8_unicode_ci;
/*!40101 SET character_set_client = @saved_cs_client */;

--
-- Dumping data for table `user_likes_post`
--

LOCK TABLES `user_likes_post` WRITE;
/*!40000 ALTER TABLE `user_likes_post` DISABLE KEYS */;
INSERT INTO `user_likes_post` VALUES ('leha_raketa96',36),('leha_raketa96',87),('LoolzRules',87),('rustam',87),('leha_raketa96',88),('alex',90);
/*!40000 ALTER TABLE `user_likes_post` ENABLE KEYS */;
UNLOCK TABLES;

--
-- Dumping events for database 'rustam_zhumagambetov'
--

--
-- Dumping routines for database 'rustam_zhumagambetov'
--
/*!40103 SET TIME_ZONE=@OLD_TIME_ZONE */;

/*!40101 SET SQL_MODE=@OLD_SQL_MODE */;
/*!40014 SET FOREIGN_KEY_CHECKS=@OLD_FOREIGN_KEY_CHECKS */;
/*!40014 SET UNIQUE_CHECKS=@OLD_UNIQUE_CHECKS */;
/*!40101 SET CHARACTER_SET_CLIENT=@OLD_CHARACTER_SET_CLIENT */;
/*!40101 SET CHARACTER_SET_RESULTS=@OLD_CHARACTER_SET_RESULTS */;
/*!40101 SET COLLATION_CONNECTION=@OLD_COLLATION_CONNECTION */;
/*!40111 SET SQL_NOTES=@OLD_SQL_NOTES */;

-- Dump completed on 2016-11-25 14:50:35
